RAJ2000,DEJ2000
6.286E-4,35.5178439
6.575E-4,-20.074344
0.001025,-78.534492
0.0014146,31.0570479
0.0014297,-41.4929974
0.0015265,27.7322834
0.0015354,7.0641294
0.0018983,17.7737392
0.0019186,9.3856563
0.0019784,-0.4510884
0.0021174,-55.3604489
0.0023755,5.9419031
0.0025788,31.3289781
0.0027644,14.9746807
0.0030165,30.9662772
0.0030791,-13.9569382
0.0031742,5.2627357
0.0032493,11.7076422
0.0034588,-21.2979373
0.0036467,-57.9750214
0.0037807,1.28156
0.0040756,4.8297891
0.0042343,8.072944
0.0045285,29.8736184
0.0050258,24.0651626
0.0050426,13.3037501
0.0051415,36.0948733
0.0052954,7.0246577
0.0053239,-2.0332551
0.0055688,11.3416119
0.0057075,-30.6074297
0.0057181,-1.325006
0.0059063,20.0122631
0.0061322,29.0019782
0.006147,21.2767149
0.0063954,-45.9152943
0.0064636,-0.5590659
0.0065127,20.5031984
0.0065242,-39.0627007
0.0066656,-25.2852451
0.0068134,-42.9596377
0.0068188,30.5193562
0.0068554,0.5831839
0.0069916,-42.0748663
0.0072223,0.6401667
0.0072754,-31.3738125
0.0073424,-4.0309488
0.0074036,-7.4859053
0.0074421,-64.2470199
0.0075871,14.1973825
0.0077255,14.024503
0.007879,-9.7811013
0.0078889,-32.2206945
0.0078956,44.514945
0.0080613,-0.2409634
0.0081458,5.3524372
0.0085631,34.6786823
0.0085957,19.4048968
0.0086882,27.4523709
0.0089611,15.2546542
0.009125,-2.3297799
0.0092103,11.6968604
0.0094881,0.6275587
0.0095124,-32.0246628
0.0097223,-37.1320834
0.0098178,22.11055
0.0098334,-47.5743889
0.0098522,21.6055558
0.0099986,-58.8651667
0.0102961,21.8275863
0.0104307,2.3052535
0.0106307,-32.258663
0.0109913,28.3331769
0.0111783,-25.1936023
0.011875,-31.7948056
0.0120579,9.9502336
0.0120672,3.4292421
0.0121789,27.984543
0.0121868,-35.0590578
0.0121906,-5.3277633
0.0123075,19.826178
0.0124326,22.9461067
0.0130201,-13.8668803
0.0132138,-64.3027411
0.013229,1.2529672
0.0132702,5.1395551
0.0133261,-7.684978
0.0133287,1.5049801
0.0134854,11.5219784
0.0136092,-59.7963073
0.0136303,0.1924487
0.0137005,10.9623942
0.0137499,-2.911118
0.0138215,-55.539177
0.0143906,16.048226
0.0145391,26.2944046
0.0147105,30.570384
0.0148807,-13.8083083
0.0149838,3.9052808
0.0150176,44.4865477
0.0150765,34.7941558
0.015131,-68.02566
0.0152337,4.2489774
0.0158425,-22.0125529
0.0159365,25.0952792
0.0159912,6.1798207
0.0161605,3.748925
0.0161646,-2.7077904
0.0162962,21.5617358
0.0163084,-31.0991967
0.0164458,26.6126633
0.0165129,44.1390719
0.0166066,29.9475863
0.016627,35.9081005
0.0167606,14.6471102
0.0171021,33.8591783
0.0172437,-52.7628211
0.0172545,11.1462389
0.0173674,25.9295202
0.0174841,31.7158664
0.0178672,-48.2384179
0.0181173,-4.2154374
0.0188858,-55.4343954
0.018999,16.8725489
0.0192232,3.8562315
0.0193503,32.7867745
0.0199431,-0.9096349
0.0200811,-4.0967643
0.0201298,31.0661067
0.0201816,9.0620243
0.0202227,6.3010454
0.0203691,24.6162191
0.0205643,-63.5840234
0.0206959,-0.2783434
0.0209286,-0.6413931
0.021071,8.9521526
0.0210917,44.2838539
0.021157,-7.330887
0.0211617,44.593505
0.0213044,-10.813925
0.0213735,8.6278132
0.0215791,9.5121785
0.0216462,26.5493235
0.0216512,13.7076544
0.0218606,-48.5354235
0.0223759,-7.9000425
0.02247,21.4957843
0.0225435,39.5266072
0.022568,0.4438956
0.0227706,-27.4195301
0.0228553,1.1345059
0.0228628,23.7344099
0.0228965,31.0910126
0.02297,-5.5047124
0.0229766,-1.4575531
0.0231832,33.6771016
0.0231863,20.9870094
0.0233137,-4.0378275
0.0240773,-4.3353234
0.0240779,9.9324875
0.0241046,32.8342627
0.0242579,22.2884489
0.0243006,-77.8087676
0.024495,34.0478897
0.0248015,14.8861585
0.0249297,9.0931948
0.0250633,-3.8928222
0.025068,29.8505189
0.0251672,16.384507
0.0254958,19.5441458
0.0255208,-4.2850727
0.0256383,-0.502682
0.0256643,-5.9282183
0.025716,25.0274052
0.0259521,27.9667662
0.0259706,7.5214189
0.0261131,-35.5810172
0.0261575,8.3688318
0.0262669,3.1924704
0.0265551,5.3408634
0.0266175,-6.9013681
0.0267247,22.5580129
0.0267417,32.7264955
0.026771,0.8684161
0.0271835,28.4257477
0.0272231,0.5153353
0.0274294,27.3687829
0.0274419,48.1335078
0.0278633,10.5776081
0.0278689,22.971435
0.0279818,30.3259014
0.0281313,13.2148604
0.0282507,31.036168
0.0282703,6.4171982
0.0285912,-68.2054983
0.0289459,18.0423243
0.0293393,36.0475579
0.0293516,-16.3603252
0.0294829,6.0593935
0.0295972,26.7568532
0.029807,-25.0495333
0.0299146,0.3147414
0.0300173,-49.1850172
0.0302097,33.4377783
0.0304253,31.3605607
0.030928,6.7307315
0.0311866,11.7018911
0.0316158,0.4953568
0.031696,2.960799
0.0318766,-18.9325292
0.0318841,-43.1707206
0.0320394,23.3608962
0.0322085,-2.0351143
0.032359,-1.2052336
0.032623,-63.5930926
0.0328913,1.9702901
0.0329073,35.7942357
0.0329923,-38.0569954
0.033323,65.4086129
0.0334607,-0.4576297
0.0337452,1.8811047
0.0338889,-60.5797778
0.0339233,0.2763063
0.0339943,7.9781488
0.0342351,-72.7682545
0.0344325,-9.4878402
0.0345564,-75.3417727
0.0346639,-47.307658
0.0347366,-43.2168084
0.0347928,-3.8380003
0.0352431,2.4494464
0.0353302,29.3956378
0.0353431,12.8426111
0.0354139,-2.229104
0.0355306,33.9693307
0.0357435,23.304377
0.0358639,-10.2533366
0.0362215,14.6367084
0.0364684,47.9830104
0.0365035,50.0542953
0.0368664,23.5933749
0.0371389,24.6173056
0.037516,30.4056187
0.0375457,-14.1887382
0.0377043,10.1595753
0.0377327,30.1600299
0.0384749,-2.7042544
0.0386126,15.298483
0.0386162,23.9545906
0.0386473,2.1061017
0.0386582,-4.8287764
0.0388223,26.5933508
0.0388421,35.1520763
0.0389167,13.9914723
0.0389321,29.4592781
0.0390939,13.9384617
0.0392839,-10.4644046
0.0395145,-4.7845419
0.0396061,-58.6051449
0.0400112,5.4763447
0.0401744,8.1315949
0.0402587,-16.5781771
0.040261,5.8343131
0.0403254,-31.279918
0.0404602,12.6251896
0.0405282,1.6876333
0.0408239,35.8027141
0.0412228,48.4054702
0.041243,-30.9248725
0.0412809,0.4684842
0.0414729,47.817019
0.0417499,21.4395022
0.0420434,30.9331711
0.042063,19.7915028
0.0422284,30.2914168
0.0423474,-31.9972538
0.0424349,31.6461837
0.0427831,5.7969214
0.0428373,-3.6012893
0.043331,-8.2540974
0.0434284,-2.7944256
0.0434745,-8.1456921
0.0438506,-3.3151781
0.0439227,32.8248939
0.0440245,36.0394287
0.0441167,28.1394648
0.0444783,-2.4653241
0.0447952,-5.722211
0.0451389,34.8908056
0.0453295,35.3273697
0.0453939,9.7097722
0.0457486,0.9481539
0.045791,10.366797
0.0459597,-24.6990754
0.0462531,-43.5546831
0.0463327,26.7880689
0.0463565,21.5918662
0.046525,-1.7428015
0.046625,18.3637483
0.0468811,-4.8237562
0.0473856,15.0599529
0.0475625,14.9293708
0.0476372,31.4635331
0.0476512,-33.1807591
0.0478528,3.4863787
0.0480712,6.138629
0.04823,3.5295952
0.0483565,-38.8010226
0.0485214,-56.3987085
0.0485481,-31.6444165
0.048659,-59.8755315
0.0487262,8.1948871
0.04886,5.388198
0.0488796,14.0596224
0.0489481,3.5015464
0.0490589,29.6764087
0.049304,78.9719457
0.049421,18.0941814
0.0498318,34.5940695
0.0498421,0.0403701
0.0502399,-2.00393
0.0507064,4.082845
0.0507245,-3.0099335
0.0509304,26.3681764
0.0509791,-3.7169793
0.0510888,-0.5390484
0.0511497,18.4889061
0.0511754,-1.0682119
0.0512631,21.2737546
0.051368,22.8387437
0.051385,-34.8834676
0.0516811,0.7427204
0.0518013,12.1717141
0.0519352,27.4298363
0.051983,-1.3811132
0.0521257,10.5040154
0.052193,18.8978916
0.0522003,31.9093872
0.0523574,-37.2775989
0.0524167,6.1726945
0.0525343,-1.704645
0.0526176,-4.7125491
0.0532378,34.0432447
0.0535719,26.4817039
0.0537088,-10.1288986
0.0538411,8.4911151
0.054009,44.1190607
0.0541593,11.6953125
0.054317,4.7343193
0.0544028,30.0610571
0.0544435,1.5612538
0.05451,43.8999267
0.0547771,14.1763114
0.0550157,22.9599543
0.0550189,27.4786251
0.0556183,33.0316645
0.0560549,32.3811838
0.0563056,-60.5951667
0.0567502,9.530782
0.0568316,-2.1720719
0.0568488,-11.6250714
0.057,-60.8835
0.0571059,-35.6011711
0.0575121,-0.9130058
0.0577332,-21.2957358
0.0577736,6.8479093
0.0581066,27.6999646
0.0581476,35.8157287
0.0582274,25.353369
0.058484,23.3438254
0.0585671,-37.5201676
0.0586431,1.4976581
0.0586886,34.2759984
0.0588317,-3.1601346
0.058872,29.1283195
0.0590125,22.6205439
0.0594621,21.8556659
0.0594778,5.8174747
0.0598306,-61.589417
0.0599481,79.0074912
0.0602034,14.2116244
0.0603773,-10.7584803
0.0606001,22.6533767
0.0608527,13.9256367
0.0609972,33.5246319
0.0611964,29.2351254
0.0613596,25.9112905
0.0613952,-0.3274257
0.0614271,0.5342478
0.0615834,-30.5286667
0.0617647,-1.1752143
0.0625777,19.8998487
0.0625834,-34.7228612
0.0626777,6.7493927
0.0629599,-85.6562616
0.0629723,-7.7261389
0.0632313,0.8092517
0.0632403,24.5416946
0.0632952,-0.3857819
0.0633073,-8.1152548
0.0636674,-60.0910216
0.0637025,33.2105663
0.0638171,6.1766281
0.0639275,3.8034662
0.0639806,30.2364737
0.0643252,0.900188
0.0643724,-4.0936779
0.0645195,0.8796855
0.0647778,-32.0911389
0.0648476,19.8280616
0.0650522,-3.9817438
0.0656889,-0.6958439
0.0660484,18.6398801
0.0662563,-27.6490384
0.0665205,5.3409723
0.0665243,-29.5734786
0.0667613,25.7944551
0.0669356,-1.0775242
0.0670173,-3.1360459
0.0670895,39.640446
0.0671762,20.0430434
0.0672791,-13.7676987
0.0673167,-34.9376258
0.0674145,-3.1012633
0.0675914,42.6563505
0.0678387,4.0167947
0.0678832,26.5603732
0.0679445,-34.1729167
0.0679688,23.3131873
0.0679697,48.2018616
0.0679995,-31.7438591
0.068276,45.588106
0.0684682,-0.3092762
0.0685215,21.9363111
0.0686303,-55.5125549
0.0687336,2.454204
0.0687546,13.996622
0.0689028,-25.0796321
0.0689108,5.1845005
0.0692004,27.7353293
0.0693056,43.6655208
0.0693684,-16.5165582
0.0696082,13.8720825
0.0702599,21.0936097
0.0702915,-3.7011636
0.0703925,5.4794311
0.0704469,28.1655429
0.0704826,19.9579367
0.0705043,-25.3182985
0.0712028,3.1384658
0.0714333,-30.5903954
0.0715018,12.1757906
0.0718114,-5.0849887
0.0718318,29.5017125
0.0721212,33.2753925
0.0721886,-4.7506613
0.0723527,21.3488697
0.0724376,-8.8566132
0.0730346,26.4533317
0.0730679,-19.6708027
0.0732942,26.0054251
0.0735221,27.6465788
0.0736613,-3.7006084
0.0736685,-6.4745758
0.0738962,-35.0898247
0.0738988,22.8262157
0.0739133,2.007734
0.0739669,-32.4479746
0.0744373,13.7970984
0.0744777,-1.8608781
0.0745428,0.436826
0.0746258,16.9754706
0.0746352,-43.7999824
0.0748255,43.5322604
0.0748818,34.7475999
0.0748911,0.4075172
0.0749358,42.0480593
0.0749384,-12.6556154
0.075119,-27.6566753
0.0751263,10.2677223
0.075148,14.05325
0.0753198,-48.0628604
0.0755176,28.2196868
0.075529,1.6103151
0.0756099,21.2522753
0.0756226,-5.5003809
0.0756737,29.6328958
0.0757057,5.3040322
0.0757479,34.0864071
0.0757868,5.1343347
0.0758334,-34.81025
0.0763983,3.9510313
0.0764433,30.8067308
0.0766199,15.2573353
0.0766277,20.2521007
0.0770401,-4.4482818
0.0776696,31.0289821
0.0776774,3.5483919
0.0778216,33.701998
0.078113,-26.1734434
60.0001253,-39.7475386
60.0002175,-80.1734008
60.0003257,-22.685997
60.0004321,1.8035723
60.0014679,84.0117772
60.0034863,1.6301905
60.0036023,-24.5653873
60.0036778,-29.2613417
60.003793,-58.0233956
60.0046155,-42.286289
60.0048896,-10.8882848
60.0049733,-49.1903859
60.0066326,-6.8817532
60.0067849,-5.4537778
60.0072699,-12.015885
60.0083947,-4.0400228
60.0085886,-56.4804886
60.0094851,-9.3033923
60.0095841,24.7327551
60.0097945,-45.8481165
60.0104578,-10.9456001
60.0104697,22.5459849
60.0106317,22.2326432
60.011254,25.409755
60.0112808,-27.4148719
60.0113168,10.5780465
60.0117176,23.6613671
60.0119432,2.718326
60.0122326,-1.9555971
60.0124782,19.7481668
60.0129775,-23.4119092
60.0130583,-48.2967476
60.0131877,-69.9129771
60.0132715,3.9037422
60.0133192,-38.5661882
60.0134749,-61.1575257
60.014391,-18.8781369
60.0144203,-48.4537246
60.0144491,-32.2022415
60.0155703,-22.9700605
60.0156652,-21.692055
60.0164683,1.8742413
60.0164926,-23.5317148
60.0166032,-78.1534756
60.0176244,9.9485415
60.017691,-52.9972995
60.0183003,23.8575326
60.0192708,-47.0191604
60.0193326,-2.4306361
60.0216312,8.8661675
60.0223237,-38.6821445
60.0226214,11.5060956
60.0228772,-3.5173962
60.023061,33.296763
60.0237616,-38.2856479
60.0240862,-47.699898
60.0244794,-31.1007691
60.0257084,-65.938293
60.0257748,-48.2464567
60.0265639,-42.1596353
60.0277813,-29.3379273
60.0284834,-18.7058981
60.0288168,-30.5507277
60.0298195,-51.0269597
60.030876,-2.2391764
60.0310227,-29.6518336
60.0313889,-23.42875
60.0314648,-66.4148009
60.0320634,-69.32786
60.032374,-38.7122976
60.0330355,-49.7895459
60.0335685,10.9899401
60.0336153,-42.2756733
60.0337584,-53.6803672
60.0343466,0.4970759
60.0347621,-7.279444
60.0357016,46.1778239
60.0360481,-12.0171704
60.0361372,-45.9988315
60.0363085,-84.0085296
60.036729,33.3009153
60.0368889,-13.5246389
60.036986,-49.2576197
60.0370133,43.1322
60.0370821,-39.4023436
60.0374028,-88.0346133
60.037643,-9.7789511
60.0376627,-49.0544873
60.0383424,-0.5706594
60.0392223,16.5695
60.0399527,-66.2545935
60.0410216,-32.6968376
60.0414933,-27.121429
60.0421229,71.413505
60.044059,-12.6966519
60.0444013,-58.5603508
60.0445975,27.7777097
60.0452565,-16.5136127
60.0452627,-45.2566235
60.0457762,-0.0878768
60.0459664,-30.178573
60.0462997,10.68398
60.0463724,-39.8918702
60.0470033,34.6855362
60.0471112,12.5501667
60.0485882,-75.6644523
60.0486013,10.9201735
60.0488965,5.8453145
60.049261,28.107754
60.0495367,23.6261434
60.0498776,-32.6339173
60.0506179,-23.9002757
60.0506884,-50.9870503
60.0507724,74.0930975
60.0533872,-36.8870932
60.0542437,-5.622799
60.0545149,-19.5730212
60.0545446,-73.2783736
60.056099,-60.0089161
60.0561036,15.7634942
60.0561881,-20.3998911
60.0562778,-67.59925
60.0567105,19.5279011
60.0580497,-23.0938913
60.0580872,-11.7741536
60.0584581,-7.9759632
60.0585756,-23.7994375
60.0592223,23.3905278
60.0602512,-4.2492116
60.0604585,-41.0365346
60.0605621,79.227005
60.061112,4.3038576
60.0616945,0.3216112
60.0626824,-14.3911285
60.0628925,20.8117828
60.0636076,-33.7291753
60.0638389,-56.9229319
60.0639023,-31.1846836
60.0641421,-65.3898621
60.0653159,-28.8422067
60.0656889,-11.1264567
60.0659286,-66.9139969
60.06598,-18.3123549
60.0660294,-2.4750978
60.0671667,12.72825
60.068032,-27.5561773
60.0689927,-27.4439823
60.0695594,-16.1699581
60.0698043,-38.5376609
60.0701945,5.4391389
60.0703958,12.2881834
60.0707018,-18.198785
60.0726079,-5.2029663
60.0727223,53.4471389
60.0736667,13.8184723
60.0740582,43.9655468
60.0743494,-10.2845665
60.0754161,-25.9870309
60.0762422,-68.5973421
60.0779888,-6.0100362
60.0781134,-40.5103987
60.0788806,-41.6533822
60.0792664,-41.1492769
60.079382,30.6892736
60.0802305,-22.9400398
60.0804865,-9.8501253
60.0807867,-56.1721519
60.0808733,4.3505178
60.0820278,4.7195278
60.0823135,-45.1366016
60.0824151,5.0374431
60.0825834,-38.2131945
60.083123,31.5221431
60.0833882,-60.1104058
60.0834633,-67.5958094
60.0836999,-12.5890681
60.083919,19.6913323
60.0844789,-21.2331124
60.084562,63.2620406
60.0849604,-42.7101224
60.0855332,-10.6947789
60.0855851,-34.8773867
60.0856407,-0.2585327
60.0866932,-81.1239281
60.0867131,-53.1193958
60.0871044,-13.8548446
60.0879455,21.7546866
60.0883417,49.0422601
60.08844,-42.0466968
60.0888506,42.6300438
60.0897024,-7.0161413
60.0899674,26.4689679
60.0901856,19.2740532
60.0902668,-53.833035
60.0906821,-55.9147188
60.0910753,-71.9414016
60.0930935,-25.4934076
60.0933553,-6.8246271
60.0935508,-21.2693878
60.0937502,-23.6046442
60.0938753,-32.8747518
60.094131,-28.6151121
60.0954268,43.8640882
60.0955068,10.9963665
60.0956179,10.2910617
60.095727,-47.567867
60.0960556,-60.6428004
60.0963315,19.3888779
60.0968986,53.6324593
60.0970052,-30.1683295
60.0976054,-59.1767181
60.0979227,12.0353594
60.0991021,-43.7360897
60.1001233,0.8864283
60.1009099,-41.7072345
60.1014603,19.1048063
60.1017322,-50.1440385
60.1017901,42.6729369
60.1021017,-6.6370409
60.102206,9.8193191
60.102302,-57.3541147
60.102305,42.4943642
60.1023301,-47.5346435
60.1026536,-13.5300396
60.1026599,-40.9968947
60.1027938,-48.6219185
60.102881,-48.8462631
60.102894,-33.5958049
60.1047924,-25.6011091
60.1048987,-31.9959299
60.1054952,14.565598
60.1057136,-77.7142155
60.1065072,-28.5610764
60.1071658,-49.1527529
60.1083734,0.1101398
60.1086618,-26.6165527
60.1091486,47.362004
60.1103814,-23.758307
60.110484,13.1972871
60.1119403,-40.5886197
60.1126343,-15.7480209
60.1137033,0.3426777
60.1137047,-83.9298846
60.1146486,51.0826723
60.1153081,-31.1935644
60.1153762,82.4354754
60.1154235,-19.5346874
60.1161175,-49.4907502
60.1162535,-54.5232718
60.1170597,-4.0503772
60.1171458,-78.7941402
60.1174183,-52.3831564
60.1182023,-41.1401454
60.1184789,14.3308045
60.1186347,-61.7341338
60.1191894,-45.8678874
60.1201779,-39.3429628
60.1214475,-21.1025561
60.1215369,-30.215109
60.1220805,-27.9206558
60.1224371,-40.6841328
60.1235919,-2.139074
60.1239873,-14.3484469
60.1240169,1.364027
60.1252877,-71.5584414
60.1258381,1.9264135
60.126079,-7.022035
60.126603,-38.2425678
60.1269828,-26.4009638
60.1269931,30.3869934
60.126999,-5.555353
60.1272233,77.7459391
60.1273802,2.502977
60.1276434,27.9115312
60.128328,-20.8932933
60.1289698,-30.5833496
60.1293334,0.2585278
60.129682,4.3235315
60.1303803,-25.5408171
60.1304415,-23.3530635
60.1313922,-19.4147063
60.1322987,-18.2143125
60.1325459,-39.7206763
60.1329351,-54.827263
60.1329477,-37.443154
60.1333009,-47.8095609
60.1333255,-64.7315778
60.134034,-20.0252961
60.1343994,-6.6957886
60.1347103,20.9537456
60.1347634,-3.8228015
60.1348005,-51.8052152
60.1349042,68.989229
60.1366602,78.6819155
60.1372178,-43.401359
60.1372756,-41.1224979
60.1376333,-66.1433915
60.1376514,-16.8164635
60.1383017,29.2301568
60.1383554,-26.8145914
60.1384695,-33.6948938
60.1396424,-15.7202519
60.1396766,83.7808387
60.1397963,-39.0088402
60.1403412,35.1035929
60.1403539,-66.6699353
60.1407042,-42.5224538
60.1411971,25.2844394
60.1415894,-63.6088671
60.1431112,-58.7643889
60.1433612,-31.7691945
60.1433889,-27.2341389
60.1440394,1.5715805
60.144751,-65.9269708
60.1449377,-21.0502193
60.1452756,-42.7813429
60.1460003,-70.8563606
60.1467719,-69.0168791
60.1477891,0.0441292
60.1482185,-59.2453833
60.1486818,-74.3682365
60.1489462,-50.3108782
60.149373,6.1311667
60.1496842,-45.2585183
60.1497144,-0.4756169
60.150473,-9.0667801
60.1505,-33.09825
60.1508321,2.521018
60.1513735,-47.4099781
60.151594,-72.2636037
60.1517587,-33.0467542
60.1522333,25.060489
60.1523525,-20.2193434
60.1525995,24.3803077
60.1537565,-41.8060443
60.1541551,-60.7487595
60.1542634,-18.6075732
60.1542971,-50.6682809
60.1549069,-58.1794436
60.1549624,-70.9838678
60.1550123,-48.334758
60.1552908,-50.1296935
60.1553687,-51.7873632
60.1558125,-23.8985902
60.1564729,10.8847679
60.1571092,-24.4758385
60.1571792,-61.7667521
60.1576104,-40.3064692
60.1578586,-2.0357793
60.1580486,-48.4532396
60.1582749,-8.4228161
60.1584425,20.5126604
60.1587668,-1.9103393
60.159846,-51.1487613
60.1610219,-5.1524112
60.16178,-8.302788
60.1618438,24.6555759
60.1622579,-20.9882578
60.1627777,-77.6731469
60.163241,27.0865306
60.1635329,-35.2153148
60.1636403,-27.6703661
60.1641992,-13.5951724
60.1642639,-50.9670885
60.1645517,-39.6860719
60.1658342,-11.0435008
60.1661733,35.1423705
60.166246,-45.0250854
60.16625,-11.8945
60.167046,5.5203351
60.1683123,-45.1248
60.1689623,73.3748906
60.1691389,-52.7415556
60.1696667,-67.5524445
60.1703654,-47.7489346
60.1709178,33.6012968
60.1711927,-10.3273879
60.1714764,-24.1162359
60.1715637,-34.6910131
60.1718326,-77.7019512
60.1722569,-27.4690418
60.172594,34.5347214
60.1729114,-52.8242028
60.1731828,-64.0216075
60.1744214,-44.9905539
60.1746915,-72.6904259
60.1751417,-42.2749076
60.1763162,-66.5799938
60.1767679,-55.7842367
60.1769481,0.8043657
60.1771207,-41.857657
60.1785588,-29.7407279
60.1787975,-2.2540218
60.1790248,6.0923762
60.1791408,10.3701356
60.179375,-50.8240218
60.1794883,-7.6272239
60.1796995,-59.4661025
60.1814073,-55.5782503
60.1817106,-15.1781067
60.1821389,-69.9548334
60.1822456,26.0624662
60.1824914,-14.6006249
60.1829205,70.5895409
60.1829577,12.2181783
60.1838187,19.9477228
60.1844545,-38.3579399
60.184821,-4.3250147
60.1848928,-27.541082
60.1853334,-22.9515556
60.1853918,-55.92805
60.1854003,17.9923022
60.1863459,-12.1064521
60.186752,68.0994471
60.1868151,14.4893431
60.1874437,-29.2016938
60.187913,-55.552002
60.1880658,59.7013695
60.1886278,-23.8386653
60.1891366,-43.1794965
60.1894899,40.6603816
60.1896155,-53.2333942
60.1896674,4.1477931
60.1900099,-1.0567892
60.1906389,-49.8458889
60.1906578,-66.0047214
60.1908023,26.3204638
60.1911259,-17.7089684
60.191853,-28.0884266
60.1919068,-41.9678418
60.1919742,-34.4077301
60.1923215,71.7530223
60.1927711,-43.3487081
60.1932359,79.3731673
60.1935696,30.7170988
60.1936094,-51.8506494
60.1939954,-42.3581984
60.1941724,-4.9472737
60.1943012,-16.1525013
60.1943889,12.0877778
60.1945675,-26.5554836
60.1955384,-40.3642606
60.1955612,-64.6322657
60.1955967,34.6504092
60.1960619,25.989058
60.1979142,16.1622956
60.1983955,-40.7697279
60.1987805,-44.4860874
60.1988524,67.4961485
60.1993767,-29.2640713
60.1996233,-15.8934175
60.1997582,-31.686614
60.2005022,-18.3229011
60.2007573,-14.454003
60.2013291,20.0021939
60.2014892,-9.9683796
60.2017059,-27.8836682
60.2021189,-40.8517485
60.2021504,23.7962409
60.2025591,-52.7738491
60.202617,-34.7397548
60.202717,-15.8771595
60.2028334,-0.0930556
60.2035911,-33.9551553
60.2046716,28.9798072
60.2050702,42.910815
60.2053661,-58.9072134
60.2079757,32.0762928
60.2084573,-7.186456
60.2086564,-47.7251884
60.2090978,-48.6160497
60.209527,-39.7014739
60.2095457,-69.7858505
60.2102232,-14.2666892
60.210417,-7.3649338
60.2104358,19.673887
60.2109763,-30.5611135
60.2117754,82.6295658
60.2119268,12.2086937
60.2120337,-47.2882946
60.2120378,4.7555302
60.212094,-61.4989789
60.2121611,11.2676703
60.2124665,-31.8818301
60.2127564,-15.9415562
60.2127928,-52.7730564
60.2129114,78.6574152
60.2133027,71.6638751
60.2146399,-58.5495493
60.2147135,-49.4602117
60.2148255,-75.9558241
60.2148718,-34.8989087
60.215016,17.8151804
60.2151645,-58.1513956
60.2151667,32.2050556
60.2154874,33.2242981
60.2166521,6.5006141
60.2168259,-57.3055932
60.2178494,82.7243976
60.2188118,-71.4356637
120.0000822,17.5044239
120.0002318,15.3905962
120.0004701,44.6538545
120.0005834,32.1028056
120.0006588,42.0350893
120.0009396,24.3856309
120.0009531,52.7408536
120.0011945,46.0696112
120.0011953,33.6693604
120.0012364,26.2589492
120.0013073,34.9681646
120.0013099,23.2633389
120.0014362,30.928805
120.0018635,49.244811
120.0020869,77.0906199
120.0028365,40.7632337
120.0029287,48.2060567
120.0034648,38.3259311
120.003775,39.3537216
120.0039965,12.4085633
120.0040975,37.0861722
120.0041536,44.5777943
120.0042785,42.8031408
120.0043056,57.9483334
120.0043234,33.0937622
120.0044598,26.6658399
120.0047026,45.5912115
120.0048745,39.2495357
120.0049267,25.7014342
120.0050967,43.4879962
120.005493,47.027328
120.0057194,49.3629469
120.0062878,43.1866917
120.0063721,18.4562136
120.0064556,36.6790616
120.0066607,52.9990543
120.0067329,0.7728158
120.0067418,-11.8021526
120.0069144,29.259187
120.0069891,30.3700276
120.0073735,28.8412625
120.0074005,17.4375191
120.0074728,33.219479
120.007486,46.9086723
120.0076014,25.2226586
120.0076252,-6.1800325
120.007645,53.8059111
120.0076538,11.037773
120.007971,43.2451109
120.0084069,42.7841809
120.008507,-67.4009933
120.0091557,0.9718185
120.0092069,22.0427218
120.0093861,35.2120317
120.0094312,45.179997
120.0094319,18.1401371
120.009447,26.8804924
120.0097985,24.4489961
120.0098465,22.1446519
120.0099595,5.768829
120.0101264,39.4440715
120.0101389,42.895
120.011292,-1.4471204
120.0115011,40.9909023
120.0117073,44.003176
120.0120927,23.4730592
120.0121227,27.2909457
120.0123389,14.8818129
120.0128283,13.3112694
120.0129074,37.9106974
120.0130662,9.7363428
120.0131645,35.8200181
120.0134531,36.4950507
120.0134885,16.8789814
120.0138036,9.5477554
120.0138146,-16.672625
120.0143274,50.5530518
120.0143769,31.7418021
120.014749,-54.8504593
120.0152464,25.7979633
120.0153583,45.9052877
120.0154589,24.7713133
120.0154876,28.0438702
120.0155015,25.3182182
120.0156942,16.4933042
120.0160044,7.4425557
120.0160413,34.9872387
120.0161037,15.3668533
120.0161692,29.9999033
120.0162849,42.2147885
120.0163343,28.8534236
120.0163616,36.4195625
120.0164173,30.6203356
120.0167778,23.3934167
120.0167999,32.9758659
120.0168768,23.4378477
120.016885,28.5809191
120.0169724,43.3350372
120.0169895,36.9710014
120.0170414,-56.2570354
120.0171476,62.1705583
120.0171745,73.4223217
120.0174899,46.9100117
120.0176531,61.9205696
120.0179017,5.6328018
120.0181695,-78.3122179
120.0182508,35.0883663
120.0183056,23.4195834
120.0183839,18.870766
120.0185494,44.4242859
120.0187026,50.8208172
120.0188612,12.8568334
120.0189354,18.8264314
120.0195556,35.9434723
120.0198824,30.4015612
120.0201473,31.5646838
120.0207192,13.0040027
120.0208764,59.1581945
120.0210115,-73.5397669
120.0210878,47.1735998
120.0212088,29.3042083
120.0213889,11.0566389
120.0213966,49.3266968
120.0216693,35.7548381
120.0217104,35.2494629
120.0219906,11.4523342
120.0220942,21.8375558
120.0223353,41.9327539
120.0233061,53.7162823
120.02381,40.871356
120.0239125,55.3988445
120.0240924,-48.7429753
120.0244801,25.9590454
120.024572,-1.9310613
120.0247115,14.2605887
120.024823,21.527115
120.0249374,14.1357996
120.0251667,45.258
120.0252371,38.1650529
120.0253526,-7.7504781
120.0254602,39.0301935
120.025603,-58.3445671
120.0256403,32.6169569
120.025684,12.9116421
120.0259287,58.0109977
120.0263152,39.4505904
120.0263725,-84.4571615
120.0263778,44.5987798
120.0263867,36.2699756
120.026517,45.9689634
120.0269481,34.1347115
120.0269644,50.7871019
120.027477,26.8485288
120.0275483,39.5461946
120.0276507,43.871653
120.0277764,22.5406816
120.0279207,43.7104085
120.0279485,45.8088849
120.0281389,15.3694445
120.02822,38.208684
120.0283735,33.5438773
120.0285375,27.0842147
120.0288297,18.6284273
120.0290391,23.7468468
120.0291845,30.2996701
120.02919,10.834021
120.0293817,26.567982
120.0293837,36.0242842
120.0296063,8.6988371
120.030155,25.3721663
120.0302065,38.3360158
120.0302695,14.2835351
120.0302766,50.7934146
120.0309167,26.4847223
120.0312732,-67.4943582
120.0313725,20.9065494
120.0314098,51.1266118
120.0316124,26.648836
120.0317567,55.1658374
120.0317737,27.1113692
120.0318798,23.6768051
120.0325544,9.9198687
120.0330326,41.1820876
120.0332784,-20.9936958
120.0333075,28.7599033
120.0334265,5.0107031
120.0335353,9.7901571
120.0336522,50.9921137
120.0337043,10.0599545
120.0337918,47.6268898
120.0338655,-65.5295668
120.0350065,18.8023003
120.0353063,24.7587688
120.0354872,43.8995048
120.0355021,40.5064069
120.0356976,25.6324111
120.0357346,7.7710329
120.0359793,15.1718463
120.0361884,45.3792308
120.0364949,-10.1170484
120.0365968,29.1383828
120.0366104,32.6540199
120.0367294,12.8448467
120.0369024,18.1429133
120.0370982,39.9728957
120.0371413,44.7403342
120.0382479,43.556928
120.0386558,-8.9843211
120.0388284,-82.9510159
120.0403382,45.8265335
120.0405933,36.9049211
120.0407859,51.2528503
120.0407887,24.316291
120.0411096,16.2863807
120.0412878,3.1409842
120.0414881,34.2601232
120.0415214,-71.7838653
120.0415482,16.9193217
120.0415855,19.9886233
120.0416273,38.5456774
120.0420556,36.2235556
120.0421771,34.6544622
120.042255,14.7251794
120.0423775,-75.2743188
120.0424433,26.0689679
120.0430286,13.0440754
120.0430312,42.1774648
120.0431758,-38.8018062
120.043187,-14.7335646
120.0434874,48.5991284
120.043523,10.1883814
120.04372,56.4659495
120.0437249,30.8450553
120.0437313,10.3973095
120.0438698,34.0834223
120.0441316,52.096387
120.0445162,6.6023264
120.0445198,54.1704945
120.0446016,31.415836
120.0446422,22.2862392
120.0447595,21.6742223
120.0450363,30.6711616
120.0452129,44.5468085
120.0452321,-24.9250219
120.0454483,-75.0993836
120.0454736,32.0727892
120.0455608,39.876208
120.0456034,18.8641443
120.0457949,52.8867824
120.0459174,22.0764967
120.0463234,64.9728302
120.0464026,0.2889562
120.0464917,57.0271856
120.0465878,37.8583826
120.0466189,30.529973
120.046837,25.0408161
120.0468531,-0.7303916
120.0468766,34.8136984
120.0474881,42.6972249
120.0476648,38.0667556
120.0478418,51.7330761
120.0481481,-74.9132241
120.0483003,21.740696
120.0484786,49.5933863
120.0485659,45.8851748
120.0489316,13.3269575
120.0490782,18.25548
120.0490834,26.6780278
120.0498082,44.4067526
120.0498447,63.9549203
120.05,11.1245834
120.0503494,25.9787738
120.0504901,-17.6215423
120.0505066,23.9114776
120.0510333,38.6392802
120.0512051,50.1873984
120.0512115,36.9559252
120.0512553,24.3038417
120.0514452,49.4554345
120.0516992,-15.4415141
120.0518519,11.8791314
120.0519756,48.4255267
120.0520488,40.9505855
120.0523501,-66.5588156
120.0523819,-77.7290628
120.0527175,31.428979
120.0531144,-13.3384265
120.0532806,42.7049936
120.0533702,54.5067561
120.0541288,22.2611907
120.0543831,37.6219788
120.0546048,48.3830478
120.0551108,15.4362382
120.0552328,46.5059749
120.0554138,39.6140589
120.0554828,6.9958438
120.0555453,11.2241017
120.0555589,32.8749216
120.055769,8.3747957
120.0558445,25.3873264
120.0558617,19.2725772
120.0558662,24.5827377
120.0558876,-19.0920292
120.0560053,44.2304794
120.0564739,-60.8780072
120.0566363,-20.191132
120.0567142,47.7364039
120.057796,35.9753451
120.0579541,13.9314255
120.0580023,11.956729
120.0581109,-43.3483849
120.0582525,13.4022935
120.05907,36.258569
120.0591498,-20.036606
120.0599942,51.0746595
120.0600311,22.1218281
120.0601581,32.2760338
120.0607778,47.7609723
120.0609439,24.300338
120.0610268,22.5503841
120.0612387,22.3802696
120.061255,21.84646
120.0615213,51.6115169
120.0615708,-66.8324252
120.0615834,42.9624167
120.0616471,30.3067371
120.0616723,33.9377137
120.0616908,35.335392
120.061797,11.4448518
120.0618855,26.7351705
120.0620642,27.3433504
120.0622595,26.1349041
120.0623553,9.7378682
120.0624119,41.3570284
120.0627627,19.73324
120.06319,18.9208695
120.0633198,42.6116743
120.0634137,35.7780849
120.0635687,47.9106369
120.0636335,12.8253954
120.0637863,27.2027194
120.0638144,21.9962242
120.0638155,40.5661573
120.0638543,26.5732645
120.0638581,25.1607698
120.0639144,-9.0880295
120.0640479,53.4340342
120.0640837,11.9343825
120.0641985,25.2699501
120.0643142,15.1364302
120.0646925,56.185368
120.0650999,19.2132506
120.0651607,51.4055278
120.0659179,11.2081379
120.0660517,26.0415215
120.0661466,50.5920101
120.066177,53.6721528
120.0661945,7.4759723
120.0663609,42.3473418
120.0667603,21.6959093
120.067102,40.4987989
120.0676194,52.5955043
120.0676333,43.3978053
120.0676898,-84.6118188
120.0679661,30.2656755
120.0681229,8.8005762
120.0681557,46.7938814
120.0683947,33.0041764
120.0688646,54.1051873
120.0692122,34.6471229
120.0695076,28.7228914
120.0696715,42.4550179
120.0696863,42.60059
120.0697228,33.832661
120.0699306,55.1529737
120.069956,5.1257829
120.0705095,49.5729144
120.0705162,20.9305893
120.070547,-14.4327021
120.0705579,11.0472805
120.0710897,43.1856895
120.0711106,36.0649596
120.071185,0.3844772
120.0712567,26.4128132
120.0715498,52.3935191
120.0715991,42.8490612
120.0717937,26.4916241
120.0722837,31.8287055
120.0725313,6.8906158
120.0726985,-7.5430205
120.0729342,-85.7138292
120.0730587,37.0498715
120.073161,29.2262379
120.0732778,11.1629723
120.0733082,5.4107492
120.0735306,-39.1050571
120.0738551,-74.7513201
120.0740382,43.7573086
120.0746419,72.6812565
120.0751379,51.5922978
120.0753451,49.9559055
120.0754566,6.5109139
120.0757032,42.5122188
120.0757504,39.1515279
120.0758123,26.739203
120.0763161,25.9428265
120.0763962,29.6904161
120.0772903,22.3043419
120.0775777,36.0900915
120.0776155,50.1508684
120.0780727,37.9088906
120.0780772,25.1197409
120.0781072,47.5802975
120.0781865,36.2791657
120.0782892,16.7658559
120.0783874,-38.827711
120.07849,52.4570219
120.0790455,27.0217137
120.079247,-62.086583
120.0793473,29.3775562
120.0794549,7.5672281
120.07957,18.59904
120.0796036,12.2287375
120.0796496,60.0617253
120.0796599,55.1785812
120.0797332,21.0808036
120.0798703,37.7162578
120.08028,50.636827
120.0806714,35.9221902
120.0808412,34.3911902
120.081509,50.7425656
120.0823602,26.7014341
120.082599,43.0994996
120.0830101,34.123761
120.0830976,75.8230624
120.0831967,23.5923181
120.0834689,-60.8415194
120.0835166,27.137202
120.0835182,38.0228891
120.0840829,-9.1934441
120.084275,31.903911
120.0842965,30.0511992
120.0843514,37.6424619
120.0848761,27.715911
120.084911,60.9979667
120.0849762,23.5684617
120.0850638,-18.2158606
120.0851299,44.3096878
120.0852218,21.5623293
120.0856834,33.6791786
120.0858056,7.7753612
120.0864743,-9.7695542
120.0869331,33.7843408
120.0871322,45.359495
120.0871618,68.6935481
120.0874195,26.6135094
120.0874768,22.6673112
120.0874841,-63.7153708
120.0881689,14.561905
120.0882142,21.0489167
120.0882721,4.1732736
120.0882771,44.5115491
120.0882998,-84.4071973
120.0893612,26.5855834
120.0894159,-41.3215281
120.0897632,36.0424679
120.0903442,24.1155236
120.0903583,-5.4060292
120.0904577,58.9677258
120.0905894,19.0702108
120.0908439,30.1997945
120.0909086,28.1705911
120.09092,10.282618
120.0910298,55.3589293
120.0910786,27.4169202
120.0911157,33.8619232
120.0915094,25.3444777
120.0915346,41.5583422
120.0922179,36.3483818
120.0922611,42.2538191
120.0926357,21.1016276
120.0926617,42.380693
120.0928817,49.4647334
120.093016,46.5111565
120.093189,21.8465798
120.0933917,11.4263584
120.0935313,3.1733796
120.0938435,52.5450467
120.0938913,45.2037351
120.0940389,25.4195428
120.0942849,55.0775282
120.0944982,65.7172329
120.0945003,35.5911281
120.0945023,7.6636802
120.0945392,26.8648463
120.0945475,18.8401801
120.0946843,41.3845229
120.0950005,29.8997769
120.0950695,-72.8727455
120.0953156,40.2124333
180.000182,10.6853338
180.0004587,-2.4764723
180.0007268,65.127813
180.0008056,44.8186933
180.0009614,50.709066
180.0010815,46.7102075
180.0013947,31.6075063
180.0014535,35.280351
180.0015101,3.3514772
180.0015463,56.2176525
180.0020743,13.7664252
180.0025563,50.416661
180.0029344,45.3518943
180.0031139,34.6964238
180.0033841,42.1295358
180.0034723,6.3289445
180.0034794,4.6301728
180.0035371,8.510402
180.0038053,41.902199
180.0044826,55.2913768
180.0045682,-25.4108234
180.0046667,-1.4480834
180.0048339,45.2649323
180.0049987,-14.5741881
180.0053922,0.5757575
180.0055555,9.3282202
180.0057728,44.2591433
180.0059748,42.9234107
180.0060982,59.7693364
180.0062807,51.3320609
180.0064033,42.3646952
180.0064681,36.1034921
180.006493,34.3406369
180.00663,7.5430519
180.0066811,24.9995937
180.0066955,25.9741678
180.0067436,38.3457351
180.0068362,53.0814963
180.0069951,62.4307237
180.0073246,39.3050572
180.0078681,40.7587127
180.0079639,-29.93712
180.0080448,47.8498414
180.0081441,-36.3763328
180.0083334,-2.5685834
180.0083897,40.2174265
180.0085866,25.4812087
180.0086448,65.9754376
180.0086517,43.9491016
180.0087286,4.7568545
180.0087369,35.0183304
180.008742,22.6253084
180.0090653,15.9734806
180.0090851,-2.5287713
180.0091734,13.0912617
180.0091982,41.059186
180.0092348,64.318037
180.0093957,-3.5590045
180.0095598,49.4466996
180.0095882,-24.1894158
180.0097344,-48.5186032
180.0097543,9.6924659
180.0097652,20.7127828
180.0098,33.989327
180.0100546,62.2184316
180.0101259,49.7982791
180.0103461,38.8191681
180.0104365,42.3315442
180.0104436,22.3379051
180.0104683,2.0663201
180.01069,6.4080826
180.010937,34.1866251
180.011008,51.9602249
180.0110816,33.1712711
180.0110912,62.0306421
180.0112085,43.6320267
180.0115038,24.0526181
180.0118769,31.5891216
180.0126316,24.9974641
180.012723,17.9801927
180.0127887,39.5238586
180.0128306,28.9990655
180.0129517,8.1239265
180.0133458,39.1969351
180.0134768,53.6410914
180.0134935,10.091907
180.0135194,53.6113683
180.0136599,11.8631409
180.0138201,34.6008289
180.0141569,56.9766193
180.0142482,0.825531
180.0147844,23.5569825
180.0148612,-0.3941682
180.0151435,-46.8990497
180.0152666,38.3032991
180.015305,53.2118898
180.0153303,39.4714902
180.0155154,55.9275719
180.0160523,6.8014168
180.0161152,-25.8125268
180.0161268,-1.0946328
180.0161851,8.6097529
180.016212,41.145095
180.0163022,15.6074216
180.0163234,44.2502598
180.0163883,20.953764
180.0165434,-18.5156511
180.0165938,0.252595
180.0168889,37.7269723
180.0170978,50.5942713
180.0173194,50.5242653
180.0176451,-31.2684507
180.0179043,40.2446221
180.0181059,8.1638244
180.0181202,53.1712044
180.0181841,67.3525969
180.0182914,7.5375582
180.0186841,-27.6733818
180.0187747,-39.5678785
180.0187984,38.7449589
180.0188648,40.9634478
180.0189065,7.6996569
180.0192913,5.4456487
180.0193526,0.5158217
180.0194292,38.7934901
180.0195045,51.1220297
180.019542,71.549823
180.0195491,56.2810999
180.0196183,-18.0986996
180.0203146,33.0709519
180.02037,2.389535
180.0204898,-2.4476326
180.0207408,59.4034984
180.0217319,23.4326538
180.0219577,-31.2222042
180.0221207,0.8540694
180.0223145,34.3762977
180.0226312,67.255246
180.0228056,31.8298612
180.0228579,33.3797676
180.0229411,69.3727331
180.02299,12.754175
180.0230148,19.7256185
180.0230522,-2.3931479
180.0231951,29.1467236
180.0241405,46.3792739
180.0244098,14.7532212
180.0245703,61.7723885
180.0251806,63.7140842
180.0252823,41.5994464
180.0253151,62.1982531
180.025512,49.3071005
180.0255254,32.7650351
180.0255556,31.6930834
180.0255693,8.0513784
180.0255829,54.9346592
180.0260395,31.4418998
180.0260737,31.4500521
180.0262778,34.2836112
180.0264814,63.5158123
180.0265291,50.935035
180.0266576,5.853394
180.0267357,28.7676086
180.0267832,-8.7522335
180.0268056,7.2650556
180.0268782,24.5509712
180.0269117,35.4588534
180.0272094,30.1346918
180.0272443,65.2117185
180.0272457,37.7211957
180.0274232,51.0149804
180.0274872,22.1424886
180.0275442,-45.4696655
180.0278219,27.3112655
180.027986,44.5449227
180.0281677,3.4606156
180.0283053,9.0098815
180.0283372,69.1159473
180.0283758,56.3569466
180.02841,12.3904178
180.0287006,11.9926672
180.0289975,57.0031303
180.0290273,32.7165224
180.0292386,10.2353264
180.0297542,43.9539704
180.0299372,28.4556223
180.0301186,6.7086068
180.030292,0.5607778
180.0303749,7.7378985
180.0306036,37.1200132
180.0306265,55.9895683
180.0307603,23.2082311
180.0311122,-21.4091428
180.0312008,36.6467446
180.0312313,29.9094774
180.0313214,42.251766
180.0315675,58.7144401
180.0315775,57.6051718
180.0316903,48.6162336
180.0318394,-4.5593668
180.0319445,31.5361112
180.0319774,29.6513666
180.0321805,-20.8720945
180.0323226,45.4294966
180.0326667,15.9226945
180.0331371,-24.6025871
180.0334175,10.3720886
180.03348,26.94078
180.0335519,64.65128
180.0336638,8.6234658
180.0337449,22.3472321
180.0344099,45.6717645
180.0344431,19.6801461
180.034671,27.2746596
180.0347778,33.5855556
180.0348569,40.7284466
180.0348894,8.195137
180.0349823,1.7739851
180.03501,29.5214336
180.035377,9.3177556
180.0353888,33.7817836
180.0361835,2.4677707
180.0362269,-1.9601028
180.0363794,48.6772564
180.0364167,55.5089723
180.0367229,-2.0044586
180.0367333,71.1172456
180.0369792,28.9562041
180.0370083,29.2791371
180.0370227,56.241698
180.0370941,33.5204993
180.0371462,-4.5980592
180.03717,6.8908788
180.0377855,60.4925535
180.0378964,41.9489545
180.0379938,23.9167391
180.0380208,15.5280842
180.0381858,-18.7921595
180.0382476,-15.2142881
180.0383765,67.578807
180.0385809,34.9276044
180.0386606,23.5505859
180.0386762,3.8292686
180.038709,27.1443472
180.0390866,68.0502495
180.0393307,32.3767399
180.0393372,37.1338501
180.0395468,21.5070933
180.0395725,52.5192896
180.0398367,7.3086548
180.0402439,-11.1451617
180.0403689,37.8008
180.0404819,36.2984075
180.0404849,2.4303251
180.0407663,36.6931819
180.040854,-3.3234115
180.0408552,49.6128413
180.0408744,41.5551634
180.0409221,-5.9427798
180.0412042,38.5904287
180.0413818,31.7415867
180.041416,42.4702131
180.0414677,-29.7693776
180.0415194,40.4812369
180.0416664,25.1179756
180.0418634,0.9809533
180.0418889,-20.0206667
180.0418889,3.3678889
180.0424678,36.9157434
180.0424836,50.4229401
180.0425548,54.4071401
180.0426429,53.6083281
180.0429454,15.4373174
180.043069,68.0561307
180.0431591,-21.1668545
180.0432181,39.5040973
180.0432561,73.0528377
180.0433763,32.0077035
180.0438431,47.3778864
180.0442259,37.533657
180.0447019,23.1327014
180.0448544,3.681902
180.0448761,-0.1707493
180.0448836,46.7899757
180.0450372,-2.0709711
180.0452591,-11.150065
180.0453393,42.8532591
180.045551,-2.0810735
180.0456516,57.1723254
180.0456992,59.1919546
180.0457137,52.5765035
180.0457219,15.4765762
180.0458897,56.0189125
180.0460205,16.6861134
180.0461085,30.9314125
180.0461402,-5.9324816
180.0461771,37.8659548
180.0462327,-3.4930648
180.0463391,53.5330378
180.0464727,56.9201941
180.0466727,-1.946889
180.0469438,12.769967
180.046947,10.0265646
180.0469723,-20.1003056
180.0472005,52.0618985
180.0474429,53.0130234
180.0476885,19.3200794
180.0478335,55.6609365
180.0479415,5.0966457
180.0481685,58.1702623
180.0481812,61.9426282
180.0482021,8.4809876
180.0482857,50.7254062
180.0486111,-15.1880013
180.0486126,14.1376347
180.0486358,55.4164396
180.0493717,58.7598289
180.0494732,1.5575351
180.049552,-3.5349967
180.049603,56.8733989
180.05019,66.179639
180.0502493,4.1138377
180.0502913,-43.2217869
180.0504017,-30.5304139
180.0505067,50.6852917
180.0505729,-10.3343041
180.051091,-5.405391
180.0511164,16.1235201
180.0511947,33.3255946
180.0512193,20.4817081
180.0516839,45.022916
180.0517361,49.9024362
180.0517749,56.2751125
180.0519009,37.8527403
180.0519032,54.2956738
180.0520068,18.5952597
180.0522766,34.277874
180.0522778,2.0358334
180.0523056,56.2444445
180.0523498,62.9056517
180.0523967,30.8561981
180.0524041,57.1867494
180.0525758,51.8613481
180.0529356,50.5273743
180.0531081,45.4379134
180.0534212,55.7056399
180.0534433,35.914666
180.0539093,31.924102
180.0539174,17.4431386
180.0543074,0.2992245
180.0545219,37.8367145
180.0546069,15.4572263
180.0546512,-18.5131268
180.0550484,54.3483241
180.0553641,-41.9414447
180.0557938,30.9130558
180.0558847,-29.2929533
180.0564176,67.5776021
180.0565064,-19.6267183
180.0567419,40.5564681
180.0567662,-28.7002954
180.0568586,-32.0558173
180.0569292,4.0798426
180.0571382,68.4063
180.0571389,55.65725
180.05725,61.8494167
180.057309,19.7602567
180.0574723,72.8823612
180.0575692,4.6790359
180.057598,7.4689993
180.0583688,14.8954128
180.0586805,-0.7774245
180.0588337,-42.1086332
180.0596449,-9.0337989
180.0596619,6.8117433
180.0599025,59.4623165
180.0601769,1.3870779
180.0602147,62.8140864
180.0605303,51.0112574
180.0606048,79.6363205
180.0606279,37.252048
180.06069,2.0404837
180.0608863,28.6403056
180.0613802,8.397521
180.0616831,-26.6288998
180.0617192,34.8792757
180.0618077,28.50832
180.0625443,34.0084843
180.0625469,-1.4283228
180.0627911,21.9580418
180.0630013,11.3066322
180.063462,58.6537313
180.0636316,64.6730101
180.063909,20.2843516
180.0639326,14.9011531
180.0639694,0.0981063
180.0639793,48.8516904
180.0643293,-39.8820053
180.0644025,42.6246839
180.0644882,28.8250194
180.064723,-9.7894849
180.0656586,69.4516144
180.0657679,3.5814095
180.065832,7.1314801
180.0661208,-26.6353345
180.0664359,-32.0443136
180.0668388,61.2851844
180.066842,-28.2899367
180.0669374,-5.2712619
180.0670715,40.1496101
180.0675094,58.8301182
180.0675495,43.9728509
180.0676112,55.4678889
180.0677215,-0.1436933
180.0688042,-3.2810785
180.0689393,43.4854467
180.06933,46.795539
180.0693631,47.9781772
180.0693821,3.8239533
180.069429,25.0035786
180.0696312,23.3392598
180.0697242,21.2198197
180.0698376,-17.9652744
180.0698851,72.9155058
180.0699622,17.0940095
180.0700561,-46.0726939
180.0701717,46.994621
180.0702401,80.4989632
180.0703244,55.659342
180.0706272,81.2391122
180.0707922,-25.8101886
180.0708544,52.5991249
180.0710771,-1.2381781
180.0711713,-31.0506368
180.0711875,-43.1633966
180.0711945,-3.5711389
180.071886,45.9430453
180.0719573,41.067211
180.0720657,38.0769239
180.0720682,-18.0641145
180.0720717,59.0861445
180.072123,-24.4310688
180.0721934,-0.3903293
180.0722144,23.8465891
180.0724522,2.1557819
180.0726215,26.1565802
180.0726618,-3.9260417
180.0729542,57.0695766
180.0731038,58.7861953
180.0732959,-35.0125249
180.0735214,14.3921194
180.0738518,31.4226622
180.0738612,31.7269723
180.0740849,42.946782
180.0742213,-2.6866618
180.0743698,57.9748923
180.0743942,44.1600792
180.074618,6.8196991
180.074658,32.2377279
180.0747237,52.9370982
180.0752092,33.2308517
180.0756687,48.6899679
180.0758111,3.0551684
180.0759021,41.6166705
180.0762066,36.0005434
180.0763275,67.1463267
180.0765068,53.4784123
180.077228,25.3172216
180.0775122,-72.4064465
180.0776684,19.550147
180.0777207,57.0927798
180.0779349,20.4527099
180.078088,31.7727628
180.0784242,10.9664765
180.0786897,10.476216
180.0788751,-39.5162875
180.078981,55.5634398
180.0789904,-1.7423082
180.0792328,61.8156502
180.0793334,23.2413334
180.0794556,41.5711883
180.0796919,-3.3366264
180.0803205,42.6723034
180.0804204,-7.0178776
180.0806668,13.3095641
180.0808753,-0.4882778
180.0809373,17.6184443
180.0809983,-36.6828609
180.0810176,51.127287
180.0811565,-1.6813462
180.0815836,40.0512056
180.0816857,-3.3592919
180.0818849,-18.8772739
180.0826675,44.3891347
180.0827564,27.6998191
180.0828141,-31.5271186
180.0830884,39.3172269
180.0831667,29.17925
180.0832393,36.2101353
180.0832615,47.4139075
240.0001133,46.789493
240.0004328,35.5569382
240.0004801,81.6341376
240.0007706,-81.8757045
240.0015133,44.8235707
240.0020969,45.6798718
240.0023398,21.0954915
240.0023752,-0.7973759
240.0026084,4.7141386
240.0029813,18.9022073
240.0030797,35.5746424
240.0036631,57.8960375
240.0037114,-3.2441437
240.0037271,25.7485278
240.0040853,27.9248314
240.0042016,38.0280941
240.0042481,44.8547249
240.0042911,52.8868469
240.0044587,28.4914723
240.0045705,55.7368825
240.0046267,2.0587711
240.0047688,61.1664794
240.0048868,56.1383946
240.0048889,-17.8603889
240.0049882,9.3536159
240.0053612,47.7059723
240.0055555,26.9229116
240.0058301,13.6309095
240.006247,51.6582081
240.0066112,40.7860377
240.0067325,44.8841003
240.0072125,50.8677365
240.0073189,47.4516543
240.0074226,70.4121572
240.008188,10.6093656
240.0082287,50.6222869
240.0083634,37.3863164
240.0084616,37.013786
240.0085374,53.5375197
240.00854,13.5643784
240.0087746,20.3955325
240.0088007,34.2457136
240.0089312,50.4548047
240.0093678,42.7404622
240.0093704,13.0271541
240.0097504,13.8723568
240.00977,48.015735
240.0102891,41.5098581
240.0104439,52.3209832
240.0104661,-5.0321469
240.0105722,4.2160681
240.0106014,41.5881608
240.0107195,41.6507809
240.0107223,18.511
240.0108624,62.9215982
240.0110556,26.1005556
240.0110579,19.1471227
240.0112926,45.0970384
240.0113469,55.4396163
240.0113844,46.4341872
240.0115972,50.8198657
240.0117049,-48.0573469
240.0117587,49.3658698
240.0118353,32.4457112
240.0119859,25.0867967
240.0127488,43.2322677
240.013006,26.6188314
240.0130076,-8.7976575
240.0131675,33.3332389
240.0135861,22.1921668
240.0136675,33.7626935
240.0140107,7.0779945
240.0141927,18.1567401
240.0142645,18.2657446
240.014556,52.1214044
240.014588,43.0602523
240.0146721,40.2698664
240.0147832,57.8493777
240.0150834,25.7363056
240.0151945,28.9176945
240.0155943,31.6181285
240.0159284,28.3368356
240.0160255,-25.0367051
240.0166913,34.0114562
240.0169163,9.9851088
240.0171667,26.05025
240.0173538,-13.166139
240.0173849,54.8539032
240.0174652,6.7068706
240.0176247,53.5090815
240.0176569,37.4474567
240.017702,32.5776968
240.0180633,55.0749674
240.0183446,18.2219302
240.0183942,9.4920212
240.0188406,48.060514
240.019012,41.2843742
240.019082,35.6573039
240.0190976,16.7817778
240.0196783,48.4450604
240.0197626,7.6679378
240.0197648,15.8560607
240.0198389,33.353093
240.01991,48.236014
240.0200272,48.5363226
240.0200566,48.4137456
240.0201615,15.373175
240.0204773,52.3733711
240.0206465,32.1365374
240.0215812,56.0090425
240.0216224,22.4956747
240.0216292,-14.1268427
240.0217016,50.4747002
240.0218437,53.4829395
240.0221292,63.9561556
240.0222333,25.7777745
240.0223054,59.3119959
240.02236,-25.4110536
240.0224723,25.7979723
240.02267,10.838403
240.0229676,34.8617566
240.0232866,48.9642249
240.0236494,2.1864325
240.0237314,35.9610582
240.0238326,60.0300882
240.0241667,2.9601945
240.0241918,47.4624935
240.0253454,45.977107
240.0254769,4.7633647
240.0255637,18.8383747
240.0255645,49.5811937
240.0256945,35.0408334
240.0258001,32.430435
240.0264851,36.2003736
240.0268098,10.7437295
240.0268702,30.6181469
240.0268761,49.3027102
240.0270604,37.6860165
240.0270996,51.5239757
240.0273361,-24.6982453
240.02739,59.3444671
240.02742,32.1958771
240.0275552,49.783161
240.0275929,7.4121227
240.0276782,33.6352431
240.0280295,47.4650316
240.0280725,-17.2946383
240.0284855,7.8138884
240.0286832,-7.0554357
240.0294898,30.8205592
240.0301592,57.5646337
240.0309308,11.2213348
240.0312604,-17.5165539
240.0314766,40.9601871
240.0316514,17.9530793
240.031713,27.0734195
240.0318708,21.2400523
240.0323334,34.3909445
240.0326633,35.2282124
240.0328728,42.8953694
240.0329306,42.6855521
240.0329644,81.7471856
240.0332223,13.3048056
240.0332803,40.7079298
240.0335011,-20.565496
240.0335563,39.2165761
240.0336667,25.8276667
240.0337058,53.5606456
240.0337171,60.5148871
240.0339018,16.4015323
240.0339165,-30.2131698
240.0341257,44.8250658
240.0341617,-16.1512825
240.0343344,17.3510864
240.0343889,27.5945834
240.0344124,63.8611491
240.0346133,53.3033383
240.034713,26.7882951
240.0348632,51.4392809
240.0350129,31.0897527
240.0351288,12.123437
240.0353019,47.551782
240.0357416,14.5855543
240.03645,18.877157
240.0365418,40.3022288
240.0365579,-4.3718112
240.0367266,71.383008
240.0373394,3.1600474
240.0374082,30.6783049
240.0377734,53.8893469
240.0378494,24.9773546
240.0379621,69.3494959
240.0384246,44.8692412
240.0385022,51.0082143
240.0386642,45.1556782
240.0386955,23.6744456
240.0391667,49.6386112
240.0392135,20.6107985
240.0394727,29.2929385
240.0397289,61.7283321
240.0399384,-12.06951
240.0400497,26.9660471
240.0401233,57.6568442
240.0401664,23.6840094
240.040304,33.9457458
240.0410928,69.0868294
240.0411959,13.6454547
240.041361,-41.0435504
240.0414932,42.1451528
240.0415736,31.2238216
240.0419059,59.0445485
240.0420642,25.3155519
240.0421043,58.2638451
240.0422385,42.3994043
240.0425157,46.2746676
240.0425852,32.3096974
240.0426811,28.1376428
240.0427727,39.8293852
240.0433347,18.6978598
240.0437775,22.4770088
240.0438957,20.5814878
240.0439256,43.6646616
240.0443679,21.8235962
240.0444904,27.6051471
240.0445453,52.1135045
240.0445997,76.8143469
240.0446639,3.6805441
240.0448457,44.0356899
240.0448989,17.3323596
240.0450585,44.7807373
240.0454688,32.5412508
240.0455272,27.1576819
240.0455728,25.9704527
240.0456187,21.3139935
240.045621,31.8997214
240.0456567,-20.128086
240.0457551,47.6544005
240.0464058,12.5877526
240.0471304,21.3496437
240.0472745,-0.3352772
240.04768,45.6595807
240.047689,27.1101262
240.0477418,22.3663772
240.0477451,19.0054496
240.0478763,50.0487946
240.0479497,56.472112
240.0482361,-6.4585525
240.0484084,41.5940584
240.0488885,27.3688504
240.0489648,30.9534451
240.0489663,21.614728
240.0495799,59.1764976
240.0497629,55.471785
240.049826,-11.1253707
240.0498409,-16.7292644
240.050065,40.1419531
240.0501674,14.726444
240.0502191,55.6620084
240.0502273,21.8116071
240.0505257,43.3398458
240.0505596,51.3947605
240.0512888,36.7638304
240.0514712,56.1167185
240.0518216,-2.9236792
240.0518334,8.9948612
240.0521389,13.2895556
240.0522014,35.8441929
240.0523922,-72.111003
240.0529049,-6.0842973
240.0529146,47.469918
240.0529897,33.8830768
240.0530701,47.1570445
240.0533474,22.0181073
240.0536601,38.7278556
240.0537,-0.5462489
240.0540465,33.0348284
240.054439,27.2201248
240.0548378,25.7954773
240.0549518,35.3256406
240.0551055,37.2488146
240.0552263,3.5339763
240.0553988,2.2247391
240.0553999,20.5580532
240.0557037,36.6693169
240.0557521,33.977371
240.055764,-7.0120058
240.0560212,38.5684009
240.0563577,31.6031178
240.0570012,33.1553855
240.0573539,55.1720025
240.057629,46.5935662
240.0576389,-61.1098056
240.058276,23.8984288
240.0584303,45.29882
240.0585936,53.0318594
240.0588657,60.6773824
240.058966,-5.8509662
240.0590278,6.9078334
240.0590881,25.7737342
240.0593334,64.0610834
240.0594987,52.3862443
240.0601314,29.4411701
240.0601329,44.9225119
240.0601558,26.5339699
240.0606465,54.1024975
240.0606898,51.1211904
240.0607331,10.4812258
240.06077,18.066625
240.0607778,26.01075
240.0610043,27.6027235
240.0610789,39.8003603
240.0611116,25.1051101
240.0611711,30.581222
240.0612537,7.4073784
240.0613367,49.3585321
240.0616234,53.0160752
240.0618216,46.6203546
240.0619172,54.2051796
240.0621063,42.6877911
240.0621218,7.3437851
240.0622119,13.3267427
240.0624524,53.0713089
240.0624593,-78.3698301
240.062601,-72.7120243
240.0626418,31.0192952
240.0628595,49.7773046
240.0630889,43.4544653
240.0631263,43.137931
240.0635697,7.3593633
240.0638076,36.0096861
240.0639364,56.1772849
240.0639383,35.9954109
240.0640015,46.2873772
240.0640749,34.21428
240.064101,41.6054281
240.0641212,60.6525899
240.0645985,0.0126154
240.0647563,20.3513132
240.0650082,48.7983054
240.0653704,55.3833139
240.0653915,35.4014287
240.0656602,42.471603
240.0656965,59.6963719
240.0657438,36.4882282
240.0659676,13.2717239
240.06624,-10.4387158
240.0671189,46.1236342
240.0671904,45.6321203
240.0674551,-0.7919975
240.0674894,69.2998259
240.0675635,46.259764
240.0676781,-1.0327809
240.0678174,41.7471295
240.0679504,28.9049671
240.0682701,44.3963131
240.0683295,34.9051396
240.0684273,47.616481
240.0684851,25.2468749
240.0686597,-20.1938998
240.0686784,36.7486794
240.0686914,38.8200257
240.0687268,51.6296259
240.0687611,55.4712728
240.068984,-69.0163343
240.0692598,31.8228385
240.0696428,52.3531287
240.0696959,34.2782713
240.069815,34.7569942
240.0698334,27.1276945
240.0704121,63.0195345
240.0707603,18.6416761
240.0708534,43.5423332
240.071208,27.5990662
240.0712701,27.9056666
240.0713231,10.3200917
240.071432,51.7559525
240.071598,49.6450589
240.071649,-74.0919567
240.0719574,44.9019799
240.0722367,42.4699841
240.0729782,50.5339675
240.0729989,49.3351665
240.0731361,31.5013928
240.073237,-8.7123085
240.0732934,32.4248008
240.0734167,43.53875
240.0736369,54.9197181
240.0739087,45.3303197
240.0740099,72.946727
240.0742514,15.7565751
240.0743415,41.5042893
240.0743631,33.605827
240.0749427,47.9806002
240.0749775,62.9653279
240.075055,52.3021914
240.0751187,35.1217102
240.0755967,49.6224894
240.0764216,26.1299426
240.0767435,-9.9330862
240.0769069,26.7875463
240.0770251,41.609412
240.0776093,33.3432906
240.0778327,48.9416242
240.0778488,2.225371
240.0778772,43.4709066
240.077925,53.2773279
240.0779607,18.295403
240.0781967,-0.9017587
240.0789487,47.40463
240.0789577,34.67679
240.0790261,67.0118349
240.0793113,26.5274838
240.0798557,42.3999501
240.0801963,36.1359127
240.0805054,10.5757504
240.0806277,0.970611
240.0808609,48.4183103
240.0809279,48.9226648
240.0811751,-12.2840978
240.0814402,34.6005508
240.0817993,44.3306449
240.0821785,35.6197
240.0825016,2.5919184
240.0826953,42.7315039
240.0828779,58.7396169
240.0829581,38.2115084
240.0830706,65.2327066
240.0832801,26.8461638
240.0834061,18.6095446
240.0837859,34.3897544
240.0838195,34.2472038
240.0839347,14.726227
240.0840986,36.4546954
240.0844168,-14.9053965
240.0846132,47.0623676
240.0846619,57.4539231
240.0846791,42.4281573
240.0850331,45.3038928
240.085301,46.4484175
240.0853977,34.4106438
240.0854456,35.2441503
240.0855562,41.2023575
240.0856327,61.3560935
240.0857509,40.3308294
240.0859836,37.4509724
240.0860684,58.3415109
240.0861355,52.1146849
240.0864595,59.441335
240.0866109,37.2686289
240.0870468,-9.2528161
240.0872511,70.2811828
240.08735,16.0144151
240.0873728,56.1022587
240.0874049,40.9075941
240.0874803,16.4109453
240.0877081,43.8355714
240.0878152,58.1661375
240.0880262,52.6948116
240.088333,50.1975934
240.0883884,36.6074018
240.0884034,53.4477743
240.0887001,55.4849599
240.0890854,-12.8271927
240.0892897,59.4477796
240.089558,53.0574411
240.0898098,21.3992861
240.0905556,26.9778612
240.0906178,36.9063068
240.0906261,20.0626435
240.0909067,18.2394424
240.0909828,-8.9633802
240.0920912,47.7793165
240.0922712,25.6054194
240.092767,36.4094849
240.092799,43.2551629
240.0928858,30.4487437
240.093149,31.0109109
240.093159,37.7974024
240.0934404,0.9757639
240.0934452,58.6395148
240.0935784,51.5985184
240.09379,32.8183182
240.093855,56.7747738
240.0939152,32.6237751
240.093984,63.0222637
240.0941061,63.178365
240.09425,62.5324445
240.0943103,21.2403009
240.0945842,58.0776394
240.0946576,42.094831
240.0949452,8.1619732
240.0949485,58.5743797
240.095002,47.4663766
240.0954689,62.4370223
240.0954965,13.7837708
240.0958214,17.6103304
240.095939,41.0632024
240.0960926,11.1380407
240.0963561,51.0874822
240.0964311,18.4518975
300.0000505,54.8292813
300.0007132,-65.536944
300.0009439,-50.5237023
300.0021499,61.7796294
300.0027734,-22.8554848
300.0030421,50.3805429
300.0033625,62.7880498
300.0038959,49.117747
300.00401,62.2247477
300.0041623,9.1781445
300.0042719,-72.9903816
300.0055382,50.4260179
300.0059243,54.9349176
300.0060281,-32.5602777
300.0068265,-39.9198387
300.0083458,-41.2728108
300.0087212,-33.4005306
300.010073,-26.1769598
300.0103419,-44.8920231
300.0106322,-26.4848001
300.0114186,67.1958612
300.0120433,-28.8433383
300.014549,10.9483356
300.0151159,-43.1697479
300.0164602,-76.6529052
300.0170011,67.5458902
300.0170091,-29.8207914
300.017399,-35.0018634
300.0189382,-34.938476
300.0191389,79.0254723
300.0191502,-54.9377725
300.0195487,54.1721612
300.0201771,-40.3420929
300.0216404,-64.6349947
300.0253201,84.4861801
300.0267194,12.4209664
300.0267591,-24.9633414
300.027619,-40.100272
300.027761,-7.2634401
300.0278711,68.1212368
300.0292767,-79.0908744
300.0297497,-34.1795704
300.0306203,-7.83184
300.0318632,-57.4747426
300.0322251,-18.8504087
300.0329313,22.8242519
300.0346091,54.7908737
300.0351238,-38.445983
300.0360892,-46.3477971
300.0371506,-21.1093855
300.0372301,62.1313382
300.0387158,-65.5035033
300.0402337,-39.9100779
300.0408968,-27.9864048
300.0419864,52.5039271
300.0430496,48.6105455
300.0434005,-20.2780886
300.0441998,-15.5597038
300.0446969,81.3667749
300.0449763,-10.7391989
300.0457769,4.8084031
300.0460602,-24.3146507
300.0462993,-0.4079325
300.0463733,52.794213
300.0483708,58.970209
300.0485333,-17.0549548
300.0487109,-35.2077211
300.0488853,-32.8473703
300.049463,-5.6281792
300.0516757,-48.556107
300.053111,17.9701319
300.0540315,-47.8310375
300.0541667,52.5107778
300.0557239,63.6136978
300.0563125,-25.0935877
300.0580935,47.8696018
300.0581315,-57.1999646
300.0588881,-11.5917735
300.0599974,-35.7182023
300.0605232,9.2193365
300.0618663,78.3539916
300.0627747,60.2583618
300.0647442,-54.2867393
300.0653597,72.6446065
300.0655309,-33.8493613
300.0657252,7.0550656
300.0664247,-35.9212015
300.0669782,5.3675543
300.067111,57.8850227
300.0680596,63.7705168
300.0681175,-55.6969653
300.0698906,-4.4668528
300.0700301,-58.709528
300.0700728,65.3000588
300.0707,-29.5073431
300.0718167,57.7255548
300.0718612,-35.9528889
300.0736945,9.1761667
300.0747726,-1.0260266
300.0750487,-11.1962129
300.0751813,57.9601094
300.0752346,8.2654339
300.0759898,50.5624435
300.0762321,-59.0118627
300.0766127,-12.703189
300.0771713,-57.0266586
300.0773507,-8.7537321
300.0776701,47.3509653
300.0801576,-76.2834549
300.0824556,-25.3550531
300.0838288,-0.5716811
300.0839399,-42.4232891
300.0850197,0.2689834
300.0851814,-73.2615352
300.085268,-64.2345088
300.0865369,67.4840216
300.0877962,-56.7783604
300.0878398,-22.3211128
300.087956,57.8516866
300.0899535,67.7717496
300.0901858,-67.4392008
300.0915165,-26.6706858
300.0933892,-21.9141807
300.0954781,9.0227083
300.0958247,-41.5654553
300.096271,-13.1620147
300.0974346,78.2483731
300.0995834,8.9305
300.1002064,-63.568757
300.1004294,-25.7402644
300.1012072,-43.9491606
300.1017743,-18.1046007
300.1022293,-6.4186904
300.1035446,46.4442597
300.1047864,8.979701
300.1052299,64.4462311
300.1058238,-24.2561206
300.1059022,-18.9289818
300.1064828,79.7616501
300.1073152,58.4052696
300.1073856,-9.1765394
300.1075903,76.2112805
300.1086904,-76.7431059
300.1118754,-60.4996636
300.1133652,63.8921374
300.1135167,-42.6781968
300.1142644,82.660879
300.1150463,51.2478632
300.1162655,-66.1561204
300.1165232,-18.8321182
300.1165775,-67.4173997
300.1170264,-35.5219343
300.117364,65.5655129
300.1230654,-50.5005052
300.123929,-62.7804526
300.1246681,-56.5728577
300.1252261,8.9941748
300.1268073,-29.5338416
300.127655,61.0377693
300.1292793,0.3883457
300.1296439,-10.4810948
300.1297211,-7.6509861
300.1302195,-52.0957436
300.1313055,-46.1582063
300.1314666,0.8305442
300.1315332,85.7143434
300.1335983,-75.7316513
300.1340908,-3.9201093
300.1344375,-61.2706081
300.1347618,58.3411989
300.1384155,3.0662519
300.1385372,-65.1582501
300.138971,18.6964644
300.1396035,17.3610797
300.1402211,68.736094
300.14161,19.6846354
300.1436273,-47.5825763
300.1436765,7.4076991
300.1440188,-11.7639651
300.1447669,78.0924921
300.1451832,-64.3499772
300.1469361,-35.5436528
300.1477079,-45.0058052
300.1483713,-49.9947354
300.148696,-47.3993742
300.15046,-24.7725294
300.1505643,-10.5155185
300.1507926,-53.6491379
300.1520134,5.7436894
300.152366,81.6566545
300.1528784,-35.279164
300.1536033,-23.5343343
300.1552789,57.3013394
300.1554829,59.562333
300.1583988,57.9024109
300.1591989,5.1201147
300.1592548,62.0145677
300.1592999,9.9589648
300.1595523,-48.2170289
300.1595999,-66.3324542
300.1604894,6.046926
300.1619049,-11.5426735
300.1620148,-45.6958375
300.163095,86.716155
300.1631552,-38.3209357
300.1646945,-69.1314723
300.165136,56.5796528
300.1662836,-60.273849
300.1667399,4.0412378
300.1672125,-30.1358467
300.1693239,-60.9288087
300.1699572,61.0597664
300.1708401,-63.3944604
300.1712263,78.0570894
300.1712924,59.3694567
300.172277,-16.566616
300.1739445,9.2018056
300.1741177,10.8104175
300.1745496,9.8530963
300.1751422,-24.0654726
300.1753417,-19.4983334
300.1753574,-66.7869773
300.1756133,-13.4259798
300.1765567,68.4296705
300.1773658,-36.493685
300.1795594,-85.1523903
300.1797242,62.5259167
300.1800032,-50.6806991
300.1800853,-38.7163768
300.180359,49.8212006
300.1805395,-27.8618859
300.1810382,6.937469
300.1814712,-45.9158629
300.1830548,60.5872428
300.1832859,-67.2908831
300.1849849,61.0632509
300.1862164,-61.3625117
300.187943,-36.10078
300.1895832,-30.1375161
300.1896028,9.5827149
300.1899578,-21.0125566
300.1920034,-21.4233399
300.1928546,-50.78183
300.1960578,-31.4533636
300.199068,60.3895975
300.2006598,63.4601591
300.2010834,-46.5635278
300.2012223,9.2851918
300.2019619,11.1365246
300.20242,-28.04767
300.2029304,2.5880918
300.2034322,-14.2826799
300.2040005,-61.8565441
300.204124,-34.7073775
300.204365,-5.455844
300.2044723,-44.4883343
300.2050306,-62.2544978
300.2052449,-46.2147281
300.2054228,-23.4121722
300.2056389,-1.0265278
300.2076374,-22.1859572
300.2086667,9.1414723
300.2091389,-10.04475
300.2093599,11.1171629
300.2101379,70.6776308
300.2101817,-64.4134773
300.2116407,57.4754597
300.2134147,-25.0121904
300.2138571,12.038816
300.2141318,-11.8520119
300.2145806,-65.4101349
300.2159232,-56.2033027
300.2175378,-17.4337037
300.217718,-23.7050524
300.2180066,-68.830398
300.2187857,-47.0718613
300.2196833,-68.0620681
300.2205502,-36.6212887
300.2215357,-51.8670476
300.2220373,-10.2175433
300.222608,-67.0771399
300.2227226,41.3024147
300.2228514,-57.8712794
300.2255534,57.6236343
300.2258945,61.1540721
300.2263347,48.8092804
300.2265041,-41.3111823
300.2267959,40.4814985
300.2276413,-8.3057784
300.229117,-41.0203836
300.2292554,72.6958179
300.2298229,-23.4557966
300.2299454,-62.2417332
300.2323732,-18.1742873
300.2327636,10.1061388
300.2354776,-6.9607803
300.2361846,23.441608
300.2366386,-42.2461842
300.2367125,-18.4044459
300.2375221,-67.2320538
300.2378761,-17.8160203
300.2383347,12.9010832
300.2398414,-85.2499
300.2398742,-9.6568726
300.2401412,-0.4035409
300.2408897,-54.7072043
300.2410529,-87.0184323
300.242181,0.6906337
300.2436326,55.1428665
300.2439504,-37.6948646
300.244523,-39.9955609
300.2449217,-8.3729057
300.2468211,81.417999
300.2469553,-47.2015428
300.2484499,59.4769445
300.2488654,54.1397186
300.2488755,58.1141106
300.2503688,-11.4420502
300.2524922,-31.1634629
300.2534741,-48.7344944
300.2546714,-13.6854954
300.2584626,17.7014012
300.2587929,-27.3851038
300.2589187,77.9797222
300.2592835,-26.7446918
300.2597006,-17.1309139
300.260501,-33.4387354
300.2608243,58.3695477
300.261299,60.2289606
300.2624724,-35.7329907
300.2636914,-37.0569887
300.264102,-45.0047108
300.2657247,-43.3701385
300.2671398,-26.9824896
300.2675382,-56.5471482
300.2677049,65.3738233
300.2692421,61.5647333
300.2694448,-24.0870622
300.2708071,73.893028
300.2714908,-29.3953146
300.2717861,63.2491121
300.2720164,9.4424563
300.2725885,77.4767339
300.2729513,-65.6052244
300.2733477,-44.0824843
300.2734164,68.1933363
300.2746939,-51.9896819
300.2760752,-23.4205094
300.2762887,-19.2765031
300.2775125,85.2677997
300.280019,-26.2197864
300.2802489,49.4755775
300.2829326,59.685122
300.2833964,-37.3903711
300.2853082,-22.7151039
300.2854285,-72.9817967
300.2866435,47.8433851
300.2871776,-31.0510193
300.288926,-50.2178504
300.2899156,2.5215776
300.2901392,-61.7376725
300.29072,-0.1991847
300.2907759,66.3054769
300.2922683,4.4846746
300.2943429,10.4661387
300.2949751,76.1617554
300.2951448,-27.0170909
300.2979294,-1.5823402
300.2980932,16.8442724
300.2986667,-36.1811945
300.3028764,-23.6685255
300.3036395,43.8813447
300.3039709,-58.7242282
300.3050479,-38.9727546
300.3054077,-52.6204604
300.3075121,-20.9625667
300.3083854,47.2269002
300.3092678,-16.032479
300.3096698,-38.5253867
300.3097867,-38.2202213
300.3110657,-48.4154943
300.3112942,-28.9282336
300.3113262,-14.0100408
300.3115613,64.4169918
300.311829,-7.8138336
300.3118411,-65.8480287
300.3122204,-5.597335
300.3123111,50.4781589
300.3125489,67.0883477
300.312816,-69.6169981
300.3133567,68.9645991
300.3134731,1.1430172
300.3136701,-37.5917878
300.3141268,-56.5901233
300.3144833,-8.5124727
300.3146006,-68.250488
300.3161203,-84.7586384
300.3165984,-26.2554824
300.3182665,-52.9990817
300.3185574,-28.6891527
300.319865,12.9479833
300.320118,-62.6865239
300.3204621,11.0191396
300.3212468,-82.2505242
300.3233728,-35.3863798
300.3239772,59.3100104
300.3249257,-50.0070148
300.3252149,-55.4806577
300.3261089,0.0321822
300.3263527,49.2946327
300.326547,-10.4207841
300.327906,67.8140018
300.3282339,-61.1453877
300.3282681,-21.611323
300.3288478,-11.8795692
300.3303387,-17.5935339
300.330697,9.9535121
300.3310653,79.0219216
300.3325572,-6.5879613
300.3332154,66.2828982
300.3338796,54.6276017
300.3341167,-46.6354968
300.3352521,-37.6945459
300.335622,66.9442404
300.3381607,-16.1186631
300.3383119,-47.2528014
300.3388301,14.2603239
300.3393138,-36.3831259
300.3396801,-5.3342832
300.339796,-36.4418427
300.3415951,-46.5743949
300.3416015,-40.4932995
300.3419968,-20.0980476
300.3423268,-32.6445777
300.3427776,-53.351352
300.3434761,-78.1852392
300.3437928,-56.737483
300.345037,23.9074538
300.3452298,-10.2302166
300.3457704,-37.4167863
300.3469087,77.2481749
300.3469637,1.7579344
300.3478422,-52.9039212
300.3478709,2.8872554
300.3487423,69.0602612
300.3521201,54.2525242
300.3524265,-48.7897955
300.3525053,13.7508903
300.3529857,1.4793924
300.3538952,11.4762281
300.3544563,-55.365365
300.3549027,-25.9464916
300.3563683,72.8343277
300.3581505,-20.0563214
300.358299,-33.6496776
300.3589125,-20.5521544
300.3599748,79.1855292
300.3600397,82.5377284
300.3608067,-15.3368559
300.3625517,47.2058884
300.3628814,0.1028219
300.3630296,-19.0085637
300.3631294,-15.8276189
300.3633244,-9.7660681
300.3652426,66.3045387
300.366192,0.2097852
300.3664891,-52.8510263
300.3690296,51.815411
300.3711304,-30.9558576
300.372739,-11.6157577
300.3731508,-25.2280339
300.3735551,-36.005679
300.3736703,12.436749
300.3742796,-0.868776
300.3749271,-46.5057548
300.3756385,9.1218243
300.376777,10.0610649
300.3779139,-7.0833592
300.3783859,-27.3373067
300.3785174,-4.0793461
300.3787773,-7.878989
300.379152,-68.7259678
300.3796486,-17.7562937
300.3797587,-49.9687573
300.3801961,-38.2604171
300.3818354,-11.3684605
300.382222,-74.6104257
300.3831188,-64.3095022
300.3844686,-68.8784672
300.3859498,-38.26471
300.3868483,-21.1997103
300.3878457,72.4997738
300.3879124,-23.9331488
300.3884451,52.3025229
300.3908663,-67.8270913
300.3911811,-35.9381345
300.3915122,70.6738191
300.3944359,75.2385138
300.3949158,-18.5562344
300.3949762,66.3363145
