id,ra,dec
"DDO 154",193.52186666666663,27.149630555555554
"DDO 161",195.81973333333335,-17.423030555555556
"DDO 168",198.616656,45.919762
"DDO 170",198.974077,25.436148000000003
"DDO  64",147.594869,31.488277
"ESO 116-12",48.269775,-57.35724722222223
"ESO 444-84",204.33328999999998,-28.045
"ESO 563-21",131.82075416666666,-20.035661111111114
"ESO  79-14",15.71445201397,-65.60990341499
"IC 2574",157.09839534642,68.41206667021
"IC 4202",197.13162147735,24.70079377991
"LEDA   51017",214.257148,43.503756
"NGC   100",6.011820833333334,16.48638888888889
"NGC  1003",39.820387499999995,40.87229166666666
"NGC  1090",41.64139959041,-0.24711881935000002
"NGC  1705",73.55610895561,-53.36096433123
"NGC  2366",112.2185538,69.2107941
"NGC    24",2.485591666666666,-24.963130555555555
"NGC  2403",114.21390893095,65.6026807849
"NGC   247",11.785641666666667,-20.760400000000004
"NGC  2683",133.17211034566,33.42183268931
"NGC  2841",140.51115779654,50.97659363413
"NGC   289",13.176520833333335,-31.205830555555554
"NGC  2903",143.04212916666668,21.500830555555552
"NGC  2915",141.54805000000002,-76.62631944444443
"NGC  2955",145.31923781602,35.88226306684
"NGC  2976",146.81440833333332,67.91638055555556
"NGC  2998",147.18179381465,44.08144917435
"NGC   300",13.722694015959998,-37.68421344511
"NGC  3109",150.77865416666668,-26.159572222222227
"NGC  3198",154.979125,45.54968888888889
"NGC  3521",166.45236707974,-0.03590141015
"NGC  3726",173.33806981069,47.02924450623
"NGC  3741",174.023974,45.284155
"NGC  3769",174.43363659842,47.89299522471
"NGC  3877",176.532425,47.4945
"NGC  3893",177.15919583333334,48.7107888888889
"NGC  3917",177.6893674424,51.82442207641
"NGC  3949",178.42387960079,47.85872262541001
"NGC  3953",178.45420274273,52.32679872092001
"NGC  3972",178.93787699999996,55.320735
"NGC  3992",179.39984644985,53.37472391176001
"NGC  4010",179.65829583333334,47.26131111111112
"NGC  4013",179.63090416666668,43.94702222222221
"NGC  4051",180.79004222387996,44.53130072258
"NGC  4068",181.013605,52.590569
"NGC  4085",181.34471018458,50.35294669817
"NGC  4088",181.39259587247997,50.53918444941
"NGC  4100",181.53584166666664,49.58231111111112
"NGC  4138",182.37417142376998,43.68524003889
"NGC  4157",182.76818749999995,50.484680555555556
"NGC  4183",183.32025,43.69826944444444
"NGC  4214",183.91322499999998,36.32688888888889
"NGC  4217",183.96208333333334,47.09178888888889
"NGC  4389",186.39624166666667,45.68466944444444
"NGC  4559",188.99016786248998,27.9599609106
"NGC  5005",197.7346333333333,37.05894166666666
"NGC  5033",198.36472916666668,36.593650000000004
"NGC  5055",198.95530912246997,42.02936891003
"NGC  5371",208.91641071525999,40.46177239072
"NGC    55",3.7233416666666663,-39.19662777777777
"NGC  5585",214.95084999999997,56.72905000000001
"NGC  5907",228.9736958333333,56.32885
"NGC  5985",234.90439405924002,59.33200469074
"NGC  6015",237.85515690996,62.31006475510999
"NGC  6195",249.13569026350999,39.02789207985
"NGC  6503",267.36008658002993,70.14433448116
"NGC  6674",279.6412041666666,25.375108333333333
"NGC  6789",289.1715375,63.973305555555555
"NGC  6946",308.71804999999995,60.15367777777777
"NGC  7331",339.26687751586996,34.41577779903001
"NGC  7793",359.45730835243995,-32.59102820854
"NGC  7814",0.8122791666666666,16.14522777777778
"NGC   801",30.936636049419995,38.25878212474
"NGC   891",35.6371125,42.34831944444444
"UGC 10310",244.07458352836997,47.04531357629
"UGC 11455",292.48461015785,72.11292714074
"UGC 11557",306.0028549399,60.1948373014
"UGC 11820",327.36833,14.231110000000001
"UGC 11914",331.96832694816,31.359342303769996
"UGC  1230",26.384379,25.521468
"UGC 12506",349.87705850479,16.074789089739998
"UGC 12632",352.49391499999996,40.992218
"UGC 12732",355.16608,26.236419999999995
"UGC   128",3.4620799999999994,35.99416999999999
"UGC  1281",27.382130000000004,32.58783
"UGC   191",5.021669999999999,10.88
"UGC  2023",38.32583,33.49111
"UGC  2259",41.9809143362,37.53848020441
"UGC  2455",44.92855368636,25.241208893700005
"UGC  2487",45.42638448924,35.20563915247
"UGC  2885",58.26024547597,35.58949281571
"UGC  2916",60.64132088099999,71.70586785647
"UGC  2953",61.94536232896001,69.81242103478
"UGC  3205",74.06195522086,30.0522783307
"UGC  3546",102.53612157900001,60.84579573476001
"UGC  3580",103.87903940161002,69.56314430551
"UGC  4278",123.49545416666668,45.742149999999995
"UGC  4305",124.77077692938,70.72030191957
"UGC  4325",124.83556475852998,50.00960839013
"UGC  4483",129.2625,69.77528
"UGC  4499",129.42287083333332,51.65238333333334
"UGC  5005",141.12249883333334,22.27472813888889
"UGC  5253",147.5926375,72.27864722222222
"UGC  5414",150.988271,40.761509
"UGC  5716",157.93026516666663,25.307603638888885
"UGC  5721",158.07177242411,27.66865700729
"UGC  5750",158.93802,20.990239999999996
"UGC  5764",159.1797619096,31.547274778899993
"UGC  5829",160.678279,34.449276
"UGC  5918",162.401718,65.533631
"UGC  5986",163.12971666666667,36.61877777777778
"UGC  5999",163.244383,7.619796
"UGC   634",15.354878,7.625991
"UGC  6399",170.84675022386,50.89263974548
"UGC  6446",171.66860698457,53.746670149799996
"UGC  6614",174.81197358291,17.143666930190008
"UGC  6628",175.02395741416,45.94215299886
"UGC  6667",175.6096208333333,51.59800555555556
"UGC  6786",177.28940131005,27.02202122052
"UGC  6787",177.31404166666667,56.08435
"UGC  6818",177.6957403704,45.80732891991
"UGC  6917",179.119866,50.428336999999985
"UGC  6923",179.20635833333333,53.160336111111114
"UGC  6930",179.32240716595,49.28351930958
"UGC  6973",179.717606125,42.7224038888889
"UGC  6983",179.78639166666665,52.70778611111111
"UGC  7089",181.490609,43.143356
"UGC  7125",182.17297499999995,36.80229722222222
"UGC  7151",182.49417083333333,46.45718055555556
"UGC  7232",183.4365208333333,36.634025
"UGC  7261",183.80982916666665,20.659077777777778
"UGC   731",17.683249999999997,49.60219
"UGC  7323",184.37576462644998,45.61930803895
"UGC  7399",185.15882916666664,46.291019444444444
"UGC  7524",186.45359712911997,33.54686115781999
"UGC  7559",186.773192,37.141774
"UGC  7577",186.92041999999998,43.49556
"UGC  7603",187.18385083351998,22.82042726653
"UGC  7608",187.183659,43.22383
"UGC  7690",188.112056,42.704121
"UGC  7866",190.56314201313,38.50162350915
"UGC  8286",198.04918172867,44.038146851
"UGC  8490",202.40211666666664,58.41873055555556
"UGC  8550",203.51179583333334,47.91546666666666
"UGC  8699",206.28628163185,41.50339405372
"UGC  8837",208.690007,53.905573
"UGC   891",20.328750000000003,12.41194
"UGC  9037",212.12127500000003,7.058
"UGC  9133",214.03229478217997,35.34385555044
"UGC  9992",235.44939,67.25426
"UGCA 281",186.56538999999998,48.49397999999999
"UGCA 442",355.93978749999997,-31.956769444444447
"UGCA 444",0.49125,-15.463888888888889
