RAJ2000,DEJ2000,z
197.389,19.6361,0.045
215.363,45.833,0.055
142.379,17.0212,0.06
154.777,31.183,0.065
217.801,8.4892,0.07
135.997,22.2747,0.07
158.173,22.6359,0.0725
186.52,52.489,0.075
202.663,51.109,0.0775
234.775,21.0329,0.0775
175.465,44.602,0.08
245.625,32.576,0.08
233.829,43.179,0.0825
200.995,26.4868,0.0825
157.783,54.384,0.085
144.892,17.6372,0.085
191.928,42.33,0.0875
154.23,24.1352,0.0875
178.544,17.2228,0.0875
239.628,12.8591,0.0875
217.076,37.818,0.09
139.698,32.799,0.09
205.997,6.8914,0.09
162.423,30.31,0.09
136.321,24.46,0.09
186.257,22.5313,0.09
209.516,20.7059,0.09
124.72,43.775,0.0925
144.619,52.949,0.0925
211.095,52.114,0.0925
230.83,37.13,0.0925
194.754,14.716,0.0925
174.071,33.684,0.0925
208.737,30.0585,0.0925
231.217,50.067,0.095
169.955,12.013,0.095
138.438,44.439,0.0975
223.73,42.898,0.0975
193.673,27.3407,0.0975
145.223,24.1405,0.0975
201.087,19.2293,0.0975
195.799,4.868,0.1
205.475,45.748,0.1
135.051,9.845,0.1
203.07,34.795,0.1
142.785,15.1658,0.1
231.232,16.2831,0.1
37.8618,-5.0805,0.55
34.712,-4.3632,0.5508
36.918,-4.832,0.5511
30.3598,-4.9144,0.5522
32.8733,-4.7494,0.5545
38.1792,-4.3673,0.5573
33.7292,-5.2396,0.5592
36.2588,-4.7768,0.5601
37.6147,-4.9668,0.561
34.7082,-4.6684,0.5622
35.5006,-5.1586,0.558
33.6532,-4.3712,0.5636
30.3783,-5.1528,0.568
38.466,-5.1499,0.5732
37.9259,-4.5107,0.5743
31.8305,-4.83,0.5745
30.9943,-4.4637,0.5878
33.2973,-4.3787,0.576
31.5837,-5.1299,0.5606
32.974,-5.2293,0.5739
30.3522,-4.6177,0.5767
37.407,-4.9605,0.5833
32.8899,-5.1968,0.5833
31.7586,-5.2191,0.5895
36.3797,-5.0612,0.5938
35.8023,-4.6163,0.5708
35.167,-4.7508,0.5906
34.0741,-5.1421,0.5875
36.9689,-4.7235,0.5737
34.6769,-5.015,0.5777
37.4161,-4.7254,0.5997
38.5026,-4.6475,0.5939
33.2428,-4.7257,0.6041
31.6109,-4.42,0.6042
32.0459,-5.2097,0.6045
30.7988,-5.133,0.605
34.5675,-4.6252,0.6108
35.6312,-4.8527,0.6087
33.6395,-5.2028,0.616
32.1356,-4.7767,0.6162
30.6053,-4.3257,0.6163
37.6681,-4.3267,0.618
36.8637,-4.8765,0.6191
32.7694,-5.201,0.6192
38.1664,-5.0,0.6235
33.0056,-4.4299,0.6249
33.3125,-5.1943,0.6308
31.758,-4.8505,0.6293
30.8598,-5.071,0.6322
37.144,-5.194,0.6315
38.1375,-4.6544,0.6345
33.1509,-4.3378,0.6367
34.5163,-4.9228,0.6375
35.6851,-5.1906,0.6377
35.0509,-4.3392,0.6392
32.609,-4.8732,0.6443
31.5471,-4.8008,0.6447
38.1678,-5.2568,0.6485
33.7775,-5.0386,0.6547
34.1561,-4.3449,0.6491
31.3486,-4.3482,0.6552
35.0847,-5.1559,0.6583
30.5924,-4.3988,0.6614
33.0296,-4.9653,0.6624
30.7431,-5.1771,0.6633
34.9392,-4.4471,0.6642
33.7224,-4.3568,0.6714
30.4256,-4.8462,0.6751
33.2163,-5.1013,0.6758
34.862,-4.6148,0.6786
37.123,-4.6345,0.6587
37.1926,-4.5228,0.6802
36.1058,-5.1326,0.6576
36.5885,-4.6803,0.6457
37.8811,-5.1737,0.6701
35.7799,-4.3552,0.6683
37.5281,-4.7285,0.6459
35.5437,-5.2439,0.6699
33.9436,-4.388,0.688
35.925,-4.5224,0.6789
33.2046,-4.2938,0.6831
30.9997,-4.4551,0.6841
33.6716,-5.2324,0.6903
35.8813,-5.1637,0.6912
30.3945,-4.7993,0.692
38.4943,-4.9356,0.693
37.705,-4.7316,0.7029
35.7151,-4.301,0.6958
31.3482,-4.4148,0.6972
31.7741,-4.8226,0.6819
32.3933,-4.4832,0.6988
34.1766,-4.9794,0.6996
34.9425,-5.2269,0.7006
33.1911,-4.3055,0.7039
30.3311,-4.7095,0.7068
36.0683,-4.3105,0.7131
32.4085,-5.2198,0.7143
31.8043,-4.314,0.7197
38.3919,-4.6885,0.7201
31.084,-5.216,0.7217
35.3262,-4.4035,0.7229
34.1867,-5.0821,0.7275
35.4025,-4.9985,0.7127
35.2743,-4.972,0.7321
33.167,-4.6661,0.7173
36.7327,-5.0205,0.7137
35.0301,-4.3059,0.7047
33.6268,-4.3221,0.7355
34.4709,-4.6475,0.7415
32.1151,-5.2126,0.7287
33.2312,-5.2766,0.7312
36.1006,-4.3854,0.7317
30.7787,-5.2105,0.7328
37.8517,-4.4083,0.7345
32.8302,-4.906,0.7378
32.1626,-4.3236,0.7385
31.682,-5.1411,0.7437
30.8265,-4.8617,0.7499
30.6015,-4.4093,0.7372
35.1357,-5.2697,0.7437
37.4384,-4.4778,0.7483
36.4852,-5.0308,0.7545
37.5927,-4.4624,0.766
38.2412,-5.0349,0.7401
35.9515,-4.5619,0.7432
36.9162,-4.9645,0.7682
37.1397,-4.5162,0.7332
36.6871,-4.8626,0.7409
34.3645,-5.2029,0.7491
35.3661,-4.3929,0.7495
33.476,-4.4589,0.7554
32.6976,-4.2698,0.7582
38.3366,-4.8609,0.7584
31.3893,-4.5233,0.7587
30.4482,-4.3977,0.7612
32.7896,-5.1969,0.7623
34.2832,-4.7555,0.7664
34.0232,-4.9601,0.791
34.6983,-4.8793,0.7828
33.2479,-5.1029,0.7912
38.4923,-4.3371,0.7667
33.6569,-4.2751,0.7682
32.6647,-4.7142,0.7738
32.0546,-5.0656,0.7791
35.2811,-4.4237,0.7745
33.912,-5.2533,0.7755
36.0885,-4.3413,0.7758
38.0965,-5.2525,0.777
34.3478,-4.2803,0.7783
33.6059,-4.3435,0.7808
31.2233,-5.0025,0.7841
31.5409,-4.3521,0.8007
30.4351,-4.5344,0.8026
31.695,-5.2391,0.8052
30.4107,-5.1863,0.7867
30.9781,-4.2864,0.7903
31.7179,-4.2834,0.7843
35.9663,-4.8993,0.788
32.6795,-4.4098,0.7928
32.5899,-4.9383,0.7992
37.0185,-4.7562,0.801
33.2202,-4.3928,0.8014
32.666,-4.2948,0.8077
36.1465,-4.2983,0.8151
33.7557,-4.5374,0.8155
34.7733,-4.8967,0.8086
33.9025,-4.9534,0.8284
34.5736,-4.4322,0.7987
36.8855,-5.0927,0.8231
38.1743,-5.0364,0.8114
36.7293,-4.6597,0.8407
36.0996,-5.0576,0.8068
38.3426,-4.3467,0.7882
37.5508,-5.184,0.7923
37.5006,-4.3555,0.8089
38.3383,-5.1831,0.7946
37.4875,-4.4894,0.7862
38.3006,-4.3134,0.8045
37.7595,-4.5128,0.7971
36.2263,-5.2243,0.8389
37.3585,-5.1971,0.8096
33.1529,-4.3627,0.8268
32.9771,-4.7964,0.8143
36.049,-4.3431,0.8269
31.4773,-4.54,0.8269
38.3492,-4.3046,0.8289
32.2119,-4.5012,0.8291
32.7171,-4.913,0.8371
32.8825,-4.3109,0.8432
37.1467,-5.2799,0.845
34.9947,-5.2204,0.8483
37.734,-4.3136,0.8496
35.6456,-4.469,0.8535
38.4312,-4.7956,0.8544
30.959,-5.2754,0.8547
37.1348,-4.7381,0.8578
37.8197,-5.2236,0.8405
34.7413,-4.9867,0.8588
33.1232,-4.7574,0.8646
32.0782,-4.8141,0.8742
31.6059,-4.3724,0.8522
31.7576,-5.1279,0.836
34.1296,-4.5088,0.8592
30.8975,-4.503,0.8361
32.1893,-4.5349,0.8915
33.989,-5.067,0.8446
31.2851,-4.5487,0.8675
33.618,-4.4071,0.8411
31.509,-4.329,0.8873
32.4745,-4.4305,0.8532
30.7499,-4.3137,0.8498
30.7312,-5.1371,0.8667
38.3087,-4.378,0.8675
34.3601,-5.2692,0.8683
37.6363,-5.0981,0.87
34.1159,-4.3241,0.875
33.626,-5.2662,0.8751
35.0765,-4.3244,0.8757
30.5994,-4.4381,0.878
30.8528,-5.2076,0.8806
36.0749,-5.1858,0.8892
35.3159,-5.0195,0.8833
35.7915,-4.5505,0.8764
38.2791,-5.036,0.8931
34.3076,-4.9801,0.8944
31.328,-4.9983,0.896
33.2938,-4.3337,0.8994
37.2608,-5.2559,0.8994
34.8983,-4.2787,0.9004
334.553,1.1434,0.5498
334.3317,1.1786,0.5608
332.3445,2.2182,0.5524
333.6647,1.4755,0.5527
330.3109,1.4206,0.5531
334.0628,2.2115,0.5596
330.3673,1.774,0.5686
332.1927,1.1033,0.5688
333.3963,2.12,0.5725
332.7841,1.4768,0.5587
334.8589,1.4268,0.5741
330.2894,1.5094,0.5915
335.0833,1.5614,0.5936
332.6775,1.7673,0.5985
332.1264,1.7703,0.5846
332.8595,1.0912,0.5875
333.4901,2.0447,0.607
334.3651,1.0508,0.6019
334.5128,1.9445,0.6042
331.8038,2.0131,0.6182
331.2497,1.0523,0.6037
330.7721,1.4377,0.6157
331.0512,2.1558,0.6281
330.2542,1.7864,0.6258
332.0323,1.0663,0.622
334.8098,1.4399,0.6247
333.4463,2.1579,0.6252
333.5599,1.0591,0.6125
334.4585,1.7108,0.637
333.1045,1.7385,0.6162
333.9272,1.0751,0.634
332.3126,1.0754,0.6345
331.4354,1.5158,0.6363
330.8152,1.1534,0.642
332.8245,2.1433,0.6458
333.7578,1.9007,0.6505
330.6889,1.9732,0.6492
330.5763,1.0158,0.652
332.1786,1.0162,0.6524
334.56,1.5658,0.6557
331.0046,1.283,0.6618
331.9753,1.4018,0.6647
333.7386,1.0964,0.6652
331.2633,2.1945,0.6743
332.194,1.1959,0.6756
330.2687,2.1932,0.6761
334.7357,1.4289,0.6801
334.0602,1.0622,0.6838
331.9482,1.0405,0.6856
330.5077,2.1855,0.6872
331.1795,0.9762,0.6915
333.6565,2.18,0.6953
332.6369,1.9079,0.6958
331.4491,1.9103,0.6891
330.629,1.3829,0.6807
330.3248,1.4549,0.6952
333.1144,1.0673,0.6915
331.4341,1.7696,0.7091
330.7968,1.8605,0.7033
334.7129,1.2977,0.699
332.0578,1.145,0.7083
334.3541,1.6359,0.7096
332.9044,1.7244,0.7146
333.4557,2.2317,0.7178
330.816,1.8333,0.7223
335.1173,1.5698,0.7238
333.6026,1.3291,0.7252
332.9448,1.8532,0.7299
332.1431,1.7867,0.736
332.5097,1.179,0.7316
334.4038,1.1564,0.73
334.8041,1.6351,0.7452
335.1018,1.0094,0.7379
330.7971,1.0717,0.7338
330.3501,1.5709,0.7453
333.9839,2.2204,0.7342
330.7381,2.1972,0.7366
331.669,1.0092,0.7376
331.4193,1.7209,0.7441
333.9822,2.0179,0.751
332.135,0.9587,0.7575
330.8373,1.6977,0.7637
331.8457,1.6767,0.7643
331.3086,1.0211,0.7559
331.7175,1.4491,0.7822
331.749,1.0106,0.7725
330.3174,1.2577,0.7658
332.9143,1.8432,0.7698
333.9559,1.9471,0.7708
334.672,1.6966,0.7773
333.1196,0.9725,0.7775
333.4866,1.6348,0.7584
333.5513,1.7581,0.7807
335.1869,1.4679,0.7704
333.745,1.1358,0.7731
331.7766,2.2539,0.7794
332.4376,1.3249,0.78
330.8333,1.0377,0.7829
335.0924,0.9762,0.7832
332.4386,2.1895,0.7835
332.6652,1.2265,0.7919
330.2619,1.9803,0.7932
331.1608,2.1627,0.7948
330.897,2.0454,0.784
332.0001,0.9886,0.8026
332.0024,2.217,0.8058
334.2292,2.235,0.8093
332.8064,2.235,0.8093
330.2413,2.1748,0.8095
334.4277,1.4738,0.8104
333.4841,1.574,0.8139
333.8455,1.4307,0.7938
333.2311,1.4321,0.8014
332.5471,0.997,0.8164
334.0211,2.2222,0.831
333.3131,1.8684,0.8337
334.1325,1.1647,0.8358
334.0692,1.5547,0.8242
331.7152,1.0114,0.8411
334.2781,2.0795,0.8431
332.3785,1.3052,0.8489
335.1766,1.3439,0.8491
333.8008,1.8251,0.8545
330.3849,2.1127,0.8552
330.6731,0.9619,0.8555
331.3087,1.5182,0.8572
331.4488,1.5353,0.8296
332.3552,2.1603,0.837
331.2612,1.7343,0.8078
330.5556,1.6333,0.8446
330.4122,2.1824,0.832
331.6915,0.9971,0.8165
330.7883,2.0508,0.8663
331.1669,2.218,0.8384
331.9934,2.0693,0.8215
331.1412,2.2081,0.8211
330.4278,1.3979,0.8301
330.4552,1.4933,0.8065
331.6637,2.1161,0.8479
332.2859,2.2069,0.8584
333.395,1.0213,0.8588
334.1974,1.0216,0.8595
333.7134,2.2597,0.8662
335.1837,1.2738,0.8715
334.5934,1.7474,0.8626
331.8023,1.5198,0.875
334.4866,2.1385,0.8818
335.0903,1.037,0.889
333.0036,2.0034,0.8935
332.7635,1.349,0.8697
332.3672,2.1046,0.8734
333.5518,1.9707,0.8791
332.281,1.5214,0.8947
332.1877,2.2446,0.8932
330.5937,1.7067,0.8939
330.351,1.4444,0.8751
331.2488,1.2776,0.8842
333.6324,0.9848,0.8955
334.1837,2.0386,0.8988
45.127874,0.873,2.174
44.286784,1.633,1.146
46.398987,1.348,1.753
42.987146,2.292,1.534
41.416508,3.146,1.492
29.349103,13.818,1.575
28.924388,14.008,1.202
31.522245,15.114,1.213
31.405566,15.131,1.454
31.568985,15.528,1.972
31.18254,15.619,0.808
31.521251,15.767,2.131
31.624877,15.919,1.561
31.677775,16.241,1.273
30.659088,15.619,1.558
30.229393,16.074,0.881
31.949345,16.83,1.821
28.198774,15.29,1.329
29.276223,15.507,1.019
28.27636,15.817,1.197
28.655362,15.923,1.496
27.455301,15.931,1.763
27.313349,15.976,1.57
30.235933,16.635,0.897
26.244341,17.169,1.845
28.880263,18.734,1.563
25.911767,18.549,0.823
24.593896,18.067,1.297
27.433638,19.606,1.17
23.9753,20.579,1.847
25.483092,20.044,1.096
25.987621,20.567,1.267
24.996562,21.25,1.511
27.46158,20.263,1.056
27.581115,20.713,1.619
27.772289,20.807,1.141
27.536524,20.915,1.803
28.515526,21.162,1.384
27.881873,21.301,0.84
29.943866,22.725,1.55
29.567688,23.092,0.964
34.347819,24.332,1.93
30.200079,23.197,1.983
33.293176,24.894,1.164
31.840542,24.347,1.427
31.989036,24.468,1.405
32.334288,24.687,1.754
32.441981,25.362,1.535
31.641324,25.71,1.77
33.623149,24.938,1.712
33.767328,27.122,1.566
34.86464,27.35,1.76
33.098256,26.879,1.893
31.816273,27.237,1.249
32.843643,27.914,1.035
33.273239,27.894,1.288
35.543283,28.445,1.507
35.162355,28.879,1.339
34.515935,29.789,1.651
34.900377,30.046,1.985
34.814305,30.224,1.478
35.085758,30.526,1.56
34.696003,30.499,1.94
22.605625,19.991,1.347
24.043809,21.223,1.241
24.418415,22.139,1.285
24.3612,22.401,1.577
23.423155,21.615,0.964
24.320373,22.463,1.765
21.140588,20.834,1.667
20.509861,21.815,1.466
22.930217,22.593,0.853
22.533414,23.052,1.934
22.804107,23.909,1.378
22.598872,24.32,1.679
23.119344,28.845,1.486
28.968118,26.666,1.448
30.494102,27.568,1.995
29.870276,28.055,1.448
29.086059,28.09,1.161
26.847193,27.837,1.385
28.85696,28.165,1.563
30.096927,28.911,1.986
30.061976,29.145,0.814
33.319954,29.718,1.359
29.785375,29.885,1.684
28.805552,30.493,1.008
29.943335,31.429,1.181
31.474437,32.252,0.926
25.379595,27.512,1.911
25.363935,28.249,1.644
25.066362,29.069,1.619
26.832058,28.77,1.555
26.060509,30.213,1.338
26.769266,31.197,1.323
23.802169,30.391,1.259
25.284825,30.308,0.878
27.951641,30.809,1.963
28.952023,31.378,1.563
29.409593,32.376,1.104
26.303377,31.894,0.916
26.329793,31.978,1.046
26.943234,32.879,1.512
27.287196,33.182,1.778
29.171059,34.283,1.436
16.410104,25.292,1.138
18.293276,26.82,1.441
18.577224,27.27,1.691
15.382398,26.815,1.267
15.385695,27.469,1.905
16.325416,27.949,1.866
17.977399,28.343,1.201
17.330449,29.016,1.58
19.063337,28.53,1.846
19.732307,29.173,1.1
21.814278,29.823,2.064
21.670905,30.13,1.704
18.060783,30.056,1.331
17.152536,30.194,0.914
20.276168,30.796,1.852
14.419147,28.2,0.984
15.046199,30.471,1.978
13.138621,30.994,1.728
17.122959,31.058,1.779
17.769067,31.508,1.645
15.964669,30.939,1.429
16.310443,31.682,0.908
15.164287,32.304,1.116
16.332197,33.231,1.417
14.586172,32.465,1.616
16.569973,33.794,1.989
23.169063,31.089,1.432
22.670447,31.358,0.922
23.269415,32.764,2.071
22.671658,33.051,1.298
22.285995,33.664,2.092
23.527663,34.89,1.247
24.13982,35.48,1.741
24.231968,35.964,1.681
24.532358,36.284,0.992
25.141201,36.238,1.374
25.619344,37.502,0.943
24.840971,37.775,1.163
21.243648,35.091,1.012
22.030104,36.019,1.573
18.973479,34.974,1.306
17.611548,36.202,1.935
20.062402,37.652,2.104
21.752103,37.58,1.117
23.040498,39.119,1.812
21.340987,38.552,2.06
22.769552,39.45,1.065
23.190502,39.792,1.478
34.51761,31.901,0.965
34.759129,31.841,1.18
35.813457,33.163,1.726
34.878875,32.896,1.07
33.046069,33.212,1.652
34.531585,34.222,1.261
36.859698,33.926,1.686
37.013048,34.64,1.983
36.133673,34.722,2.105
37.625482,34.67,1.472
37.602512,35.055,1.041
38.843891,35.552,1.116
37.793263,35.684,1.307
37.414455,36.519,1.429
35.865594,35.355,0.803
36.506161,36.508,2.117
36.766727,37.284,1.874
36.079775,36.686,1.597
36.412032,38.16,1.548
31.673076,34.366,1.481
30.797714,34.113,1.757
32.339233,34.319,2.12
32.187681,36.207,1.041
29.445467,35.826,1.273
35.260248,38.045,1.151
34.359595,38.521,1.353
34.711303,38.594,0.982
32.333209,37.483,1.944
32.44126,37.678,1.633
32.244229,38.562,1.651
31.604426,38.21,1.282
31.849723,38.711,1.817
31.225256,38.862,2.15
34.898204,40.113,1.203
33.950899,40.195,1.964
33.315005,40.272,1.575
33.201213,40.365,1.133
39.117494,35.992,1.594
38.953896,36.436,0.96
38.908096,36.541,1.067
39.359086,37.145,1.716
38.621954,36.9,1.701
39.249804,37.254,1.925
38.410729,39.264,1.463
36.98861,39.866,1.564
36.773333,40.031,1.719
35.684435,40.37,1.853
27.712791,36.485,1.304
28.251423,37.723,1.079
27.782364,37.598,0.922
28.654232,38.235,1.418
26.742324,38.013,1.585
26.523481,39.182,2.097
25.319629,40.194,1.917
24.384312,40.425,1.948
24.479556,40.401,1.233
25.792668,41.482,1.617
26.304912,41.819,1.086
26.115743,41.801,2.156
25.519613,41.623,1.304
23.438525,42.171,1.473
12.168099,31.561,2.134
11.584211,31.248,1.205
12.377015,32.684,0.905
11.830664,33.137,1.968
9.564006,33.882,0.96
12.107523,34.479,1.336
13.945288,34.365,2.126
16.256135,35.36,1.032
15.897577,35.844,1.413
15.488656,35.76,1.214
15.860541,36.331,1.818
11.94349,35.692,2.123
15.014988,37.209,1.019
14.148482,37.15,1.67
12.976501,37.376,1.164
8.311567,33.317,1.32
8.15631,34.76,1.508
9.879887,34.312,1.369
10.111363,36.077,1.131
7.470541,35.843,1.476
9.22084,37.744,1.531
7.490958,37.079,0.916
7.618346,37.129,0.914
7.548677,37.514,1.702
11.10901,36.109,1.977
12.404083,36.975,0.805
11.937849,37.725,1.12
13.023183,37.972,1.334
10.906051,38.334,1.282
9.183633,38.221,1.047
16.973196,36.44,1.519
17.573457,36.873,1.467
17.892223,37.146,2.146
17.222457,37.841,2.056
18.422321,38.386,1.498
18.302927,39.789,0.912
15.695817,38.13,1.354
14.53358,39.067,1.524
16.66869,39.144,1.877
18.192778,40.313,1.605
16.17956,39.534,1.119
16.646974,40.892,1.265
19.045208,40.212,2.113
20.814306,41.026,0.91
21.704813,42.13,1.656
20.124624,41.589,0.961
18.662986,42.171,1.207
15.323359,40.886,2.09
15.037878,40.928,0.985
16.381221,41.691,1.506
15.035338,42.632,1.64
6.56204,36.965,1.353
5.818912,37.614,1.125
7.75339,38.454,1.895
6.626353,38.508,1.701
6.15359,39.071,2.167
4.175575,37.638,0.96
4.081423,38.443,1.614
4.384504,38.61,1.254
3.406848,38.908,1.124
5.558983,39.873,1.506
5.263549,40.016,0.977
4.513398,39.989,0.839
6.166909,41.978,1.221
7.731067,43.321,1.15
7.141472,43.448,1.848
6.892369,43.404,1.309
2.095508,40.788,2.15
4.204514,41.491,1.307
4.245832,41.957,0.908
3.83474,42.606,1.884
1.871392,41.786,1.33
2.575598,42.121,1.464
5.418855,43.543,1.475
3.761351,43.318,1.755
3.820158,43.959,1.592
22.521374,41.96,1.181
82.703367,80.658,1.932
80.415987,81.388,1.866
89.530475,82.21,1.216
84.57816,81.953,1.465
82.612761,81.839,2.061
86.642775,82.096,1.628
89.321572,82.284,1.295
134.83498,0.662,1.99
134.827719,1.284,1.226
135.43878,1.73,1.064
136.033922,1.827,1.328
137.68953,2.352,2.105
136.748152,2.126,1.402
135.48102,2.203,1.558
135.6987,2.863,1.723
133.959613,2.585,0.88
133.484332,2.678,1.586
134.46623,3.039,1.843
134.783654,3.263,1.873
137.807423,2.487,1.806
137.692548,3.268,1.549
136.5696,3.639,1.118
138.901402,4.108,1.262
140.22647,5.008,1.044
139.593789,5.624,1.473
136.79723,3.919,2.121
137.410957,4.669,1.375
138.381426,5.324,1.848
138.161187,5.75,1.246
138.272891,6.737,1.683
133.410258,4.236,1.387
130.83272,4.715,1.295
130.932826,5.1,1.867
131.02492,5.715,1.263
132.878429,6.133,1.689
133.021469,6.332,1.512
131.811955,5.857,1.695
135.017855,6.127,0.971
134.803004,6.388,0.882
135.101645,6.395,2.137
133.671161,6.406,1.028
133.403861,6.828,1.659
134.410427,7.494,1.118
134.232893,8.891,2.019
135.173734,8.799,1.55
140.113174,6.047,1.261
140.064976,6.522,1.426
139.472857,6.66,1.502
141.665594,8.146,1.8
140.947716,8.553,0.906
144.739573,8.326,1.355
144.700139,8.441,1.531
143.148687,8.86,1.033
144.754831,9.989,1.625
143.694912,10.991,1.385
143.086785,11.073,1.939
138.265937,9.257,2.13
139.525657,10.245,1.861
137.999051,9.947,1.07
137.512733,10.047,1.729
138.448396,10.363,1.396
137.164908,10.883,1.538
137.231488,11.319,1.821
140.767343,10.353,1.578
141.868325,10.716,1.672
141.302339,12.346,1.778
141.928788,12.935,1.294
138.713825,11.247,1.147
139.775292,12.286,0.911
138.127988,12.047,1.631
140.220593,12.929,1.138
129.563368,5.741,1.417
128.808904,5.584,0.896
128.853254,6.997,2.174
132.145817,7.649,1.839
133.269134,9.284,1.051
130.782715,8.967,1.162
131.186607,9.596,2.078
131.744912,11.183,1.759
127.269789,7.835,1.891
127.766839,9.233,1.02
127.447784,9.445,1.647
127.829447,9.607,1.561
124.89673,9.215,0.861
125.497329,9.769,1.665
124.327749,9.283,1.166
126.721599,10.248,1.166
126.462905,11.107,1.325
129.744868,10.169,0.951
129.544072,10.077,1.395
129.967279,10.398,2.095
130.68498,10.772,1.349
129.367882,11.7,1.333
130.53935,11.298,1.592
130.358099,12.576,1.091
128.050815,12.102,1.83
129.482345,12.264,1.761
130.269572,13.114,1.77
129.011576,13.661,0.898
135.7541,10.673,1.937
135.591923,11.089,0.973
133.847155,10.911,1.441
136.429696,11.018,0.853
136.190727,11.53,0.978
136.850058,11.915,1.202
136.521264,12.936,1.063
136.589503,13.056,2.049
133.612367,11.701,1.913
133.549984,13.059,1.253
135.974815,12.985,1.912
135.967022,13.457,0.981
135.356596,13.503,1.381
139.171765,14.212,1.519
139.954889,13.983,2.152
139.663753,15.048,1.626
136.823941,13.824,1.749
135.894004,14.532,1.784
137.474919,15.689,1.817
137.822967,15.773,1.229
133.037691,13.246,2.076
131.39349,12.972,1.168
131.565697,13.682,1.792
134.214438,15.05,1.504
133.495145,15.425,1.394
131.052833,15.157,0.823
130.512292,15.08,1.43
130.649177,15.173,1.698
131.459103,15.239,1.402
131.173553,15.913,1.361
134.55484,14.98,1.547
135.753357,15.141,2.071
135.205315,15.973,1.343
137.437064,16.797,1.357
135.464982,16.568,0.898
136.475565,17.252,2.091
134.19585,16.64,0.915
132.466328,16.753,1.142
132.735443,16.946,1.832
134.645578,17.5,1.01
134.351637,18.687,2.024
146.231866,9.947,2.066
146.187116,11.408,2.096
148.365835,11.821,1.317
147.127235,12.43,1.514
145.128133,11.315,1.119
145.619431,12.439,1.219
144.163201,11.778,1.718
145.602426,12.608,1.987
146.56499,13.721,0.979
146.073532,14.015,1.389
148.710268,12.4,1.747
148.907471,12.58,1.492
149.097306,13.566,1.613
148.931436,13.781,1.911
150.517465,13.598,2.119
151.149985,14.527,0.92
149.77621,13.953,1.155
150.68215,15.117,1.726
150.508366,15.546,0.823
147.610959,14.979,0.878
149.397143,15.11,2.02
148.922895,15.781,1.26
142.641165,13.661,1.576
143.557894,13.43,0.927
143.468694,14.13,2.044
144.854456,13.761,1.053
142.339215,13.682,1.671
142.658185,14.937,1.688
142.065613,14.72,1.356
142.484979,15.761,1.77
146.53407,15.215,1.649
146.027103,15.88,1.201
147.703088,17.278,1.077
146.274462,18.067,1.327
145.502849,18.393,1.598
145.636003,18.754,1.54
149.658811,16.676,1.807
152.958549,18.021,2.149
152.325379,18.514,0.951
151.456958,17.954,1.18
155.719745,18.161,0.97
153.975893,18.076,1.584
155.362163,19.286,2.089
152.810889,19.763,1.057
153.167611,19.61,0.901
154.625725,19.557,1.095
155.115963,20.743,1.274
154.507822,21.498,1.426
148.881217,17.381,1.45
149.505139,17.701,1.329
148.660176,17.322,1.611
149.346033,18.23,0.926
150.162378,19.164,2.154
151.15476,18.999,1.364
147.784445,18.832,0.801
147.282706,19.775,1.772
147.580071,19.899,1.824
149.173135,19.825,1.464
151.714572,20.035,1.834
151.436776,20.274,1.565
151.936008,20.201,1.759
150.627891,20.767,1.649
152.219776,21.238,1.136
153.452193,21.397,1.325
154.348995,21.779,1.711
153.542325,22.041,2.163
153.149482,22.578,1.974
153.222745,23.194,1.912
150.59777,20.97,1.525
150.834755,21.338,1.17
149.836081,22.252,1.831
151.843749,23.193,1.071
140.351258,15.949,1.815
142.570116,16.405,1.257
141.709779,17.314,1.488
138.424054,17.179,1.612
138.507964,17.274,1.175
138.963257,17.699,0.922
141.075603,17.78,0.878
140.311379,17.371,1.046
141.266365,18.143,1.321
141.199638,18.191,1.008
139.775919,17.922,1.967
140.925192,18.574,1.346
143.313125,17.893,1.741
143.42852,18.714,0.918
145.753088,19.571,1.389
145.360088,19.916,2.022
142.534872,19.717,0.818
141.390367,19.502,1.22
143.660934,20.505,1.212
142.433854,20.849,1.939
142.778281,20.947,0.905
143.31475,21.786,2.079
136.682324,18.37,1.767
138.133174,18.64,1.494
136.662951,20.531,1.494
138.141759,21.65,1.276
139.866412,20.328,1.691
142.110739,20.825,1.616
139.502956,21.666,1.039
138.752988,21.628,1.86
137.917742,22.024,1.406
141.466742,23.158,1.431
147.273269,20.567,1.287
147.123963,20.96,0.901
146.516932,21.633,1.938
146.355894,21.673,1.338
146.768505,21.694,1.707
144.407744,21.242,1.436
144.838937,23.293,1.012
147.405535,23.22,1.43
146.70403,23.552,1.713
148.737724,22.659,1.335
149.987278,23.392,1.083
148.869117,23.973,1.534
150.802353,24.072,1.641
150.169363,24.26,1.355
149.608214,24.228,1.768
150.354624,25.502,1.365
148.034743,24.331,0.952
146.897359,25.168,1.55
147.417833,25.268,1.184
148.927751,24.924,1.896
148.176461,26.372,1.942
144.812206,23.289,1.089
143.667943,23.996,1.742
143.045001,24.186,1.902
143.557222,24.312,1.262
144.193899,24.319,1.518
144.13353,24.523,2.065
143.383826,25.68,1.055
143.052572,26.401,1.753
146.118635,25.003,1.804
145.623859,26.446,0.986
147.750339,26.889,1.62
147.128507,26.996,1.153
147.983187,28.062,2.158
144.679305,26.395,1.575
145.959591,28.099,0.826
146.808275,29.34,1.76
124.057605,9.958,1.896
124.262331,10.932,0.951
125.252448,11.94,2.087
124.533576,11.653,1.498
122.090774,11.363,1.638
123.022133,12.793,1.342
122.965252,13.335,1.618
126.900065,13.098,1.575
126.073698,13.832,1.31
126.483182,13.971,1.986
127.965155,13.924,1.063
128.9485,14.481,1.607
127.992199,14.913,0.968
124.390063,14.451,1.316
126.754473,15.907,1.604
121.51925,12.687,1.216
121.85976,13.427,2.125
122.869515,14.003,0.845
123.391497,14.467,0.991
120.572597,14.513,1.21
118.296689,14.34,2.174
118.922393,14.682,1.264
121.197238,14.854,1.077
120.434504,15.97,1.837
124.311893,15.874,0.859
122.808003,16.106,1.539
125.429957,16.898,1.24
124.543869,17.536,1.034
122.965106,16.664,1.856
123.763831,18.356,2.158
124.18759,18.67,1.712
123.50825,18.828,1.016
123.174912,18.799,1.543
129.571592,14.772,1.236
130.265126,17.162,1.571
130.658864,17.774,1.414
126.832686,17.057,1.432
128.524837,17.541,1.741
127.980545,17.839,2.016
132.329024,17.1,1.573
132.231653,17.265,1.988
134.21433,19.062,1.656
131.21505,19.594,1.645
131.513077,20.67,1.073
131.997409,20.625,1.699
127.321682,18.546,0.834
127.206735,18.513,1.325
126.027394,18.477,1.973
128.353432,19.498,1.53
127.235448,19.439,2.097
126.333048,19.529,0.916
126.360889,19.977,1.184
127.401918,20.381,1.674
129.139515,20.535,2.041
128.650838,21.227,1.464
131.926629,22.225,1.62
129.070113,21.961,0.875
127.352162,22.002,1.812
128.061221,22.573,1.66
129.382274,23.845,1.301
129.835906,23.941,1.896
117.950754,14.677,1.408
117.663534,15.249,1.403
118.321227,15.73,0.899
117.226368,15.406,0.93
116.890618,16.697,1.81
117.381392,16.771,0.949
118.854644,17.881,1.53
118.82712,18.005,0.866
118.33321,18.525,0.95
120.360956,18.445,1.118
123.26251,19.099,1.344
123.075866,20.014,1.702
119.330446,20.278,1.877
121.086395,19.751,1.256
120.40238,21.527,1.824
115.762293,17.605,1.138
116.340659,18.359,1.065
114.115809,18.198,1.306
116.757181,19.358,2.023
117.878148,19.438,1.623
116.558873,19.489,1.814
114.425304,18.741,1.607
113.691032,19.809,1.404
113.994481,20.598,1.846
115.879926,21.056,0.892
118.84133,20.632,1.248
117.126273,20.535,1.698
117.058608,20.789,0.867
119.376726,20.912,1.407
119.193863,21.279,2.15
118.258379,23.313,1.7
118.494118,23.964,1.557
117.827215,24.162,1.93
118.029775,24.179,1.951
124.460503,20.574,1.131
125.751737,22.236,2.082
122.793631,21.865,1.76
124.580796,23.798,1.046
126.364167,23.052,1.565
126.035393,23.922,1.514
127.637301,23.966,1.572
127.2398,24.298,1.114
127.309596,26.41,0.881
126.42231,26.199,1.399
120.964065,22.415,1.501
120.913962,22.55,0.899
120.74089,23.727,0.985
123.123429,24.871,1.71
121.317661,24.631,2.04
121.457687,24.872,1.332
122.280998,25.314,1.914
121.736745,25.198,1.799
120.000833,24.137,1.22
118.755444,24.042,1.337
119.889496,25.52,1.688
121.415546,26.287,1.545
120.308429,26.333,1.539
123.734719,24.688,1.394
123.386422,25.016,1.902
123.155937,26.565,1.159
123.701966,26.898,1.451
125.311913,26.128,1.905
125.17558,26.821,1.007
126.102309,26.871,1.682
134.570264,20.62,1.249
133.986988,20.681,1.504
134.009941,20.841,1.159
137.17302,22.102,1.704
134.49803,22.2,0.999
134.116737,22.292,0.892
134.027395,22.424,1.888
135.175898,22.443,1.916
137.594553,23.448,1.072
137.310607,23.737,2.133
138.309921,23.842,1.293
137.692058,24.238,1.787
137.882686,24.538,1.174
139.401193,25.132,1.618
136.821013,25.261,1.644
133.050566,23.264,2.149
131.838227,23.593,1.011
131.997482,23.977,1.716
132.006555,24.06,0.909
132.941122,23.946,1.398
134.31774,25.174,2.16
133.334301,25.583,1.065
131.00096,23.801,1.0
131.310715,23.854,1.189
131.197853,25.07,0.857
133.952975,26.113,1.554
134.295951,26.447,0.967
136.920382,27.288,1.153
135.738489,27.462,1.248
134.631141,27.964,2.041
135.784981,28.797,1.545
139.50598,25.913,1.524
139.388914,26.104,2.191
143.284362,27.219,2.105
141.572879,28.182,1.697
139.519353,26.559,1.037
139.975934,27.531,1.294
140.063297,28.609,1.864
143.485032,28.237,1.18
143.2247,28.183,0.913
144.291679,28.164,1.594
143.292406,28.759,1.856
142.551464,28.853,1.412
144.856063,29.372,1.289
145.168745,30.653,1.395
144.786993,31.189,1.05
142.82055,30.23,1.571
141.989121,31.337,0.941
143.904135,30.687,1.958
143.02906,30.635,1.986
144.272395,30.876,1.705
136.739531,28.405,1.671
137.921638,28.874,1.429
137.857861,29.115,1.336
137.474931,29.012,1.882
139.506006,29.272,1.551
139.811902,29.561,1.693
135.804338,29.226,1.648
136.243596,29.706,1.619
135.827617,30.64,1.057
136.442526,31.32,2.019
137.669966,30.795,1.4
138.653945,31.135,1.283
138.674807,31.317,1.305
137.076084,31.5,1.333
137.120669,31.776,0.855
139.52625,31.585,1.839
142.578912,32.687,1.725
139.554762,32.309,1.559
139.441888,32.779,1.59
140.651834,33.382,2.032
139.893096,34.252,1.242
130.901388,26.92,1.938
131.614305,26.759,1.02
128.587921,27.428,1.36
127.123715,27.793,1.098
129.824432,27.82,1.275
129.796867,29.354,0.866
132.848926,28.744,0.9
134.295258,29.677,1.254
133.428093,30.996,1.673
131.014519,29.138,1.171
130.512239,29.638,0.964
131.217415,30.192,2.102
129.910379,30.256,1.647
131.095715,30.779,1.265
133.428784,31.337,1.414
132.320866,31.264,0.904
132.294956,31.356,1.493
131.162397,31.39,1.454
127.672192,28.394,1.151
125.541386,30.183,1.258
126.227757,31.053,1.582
127.632716,31.269,1.076
126.92337,31.09,1.954
126.420534,32.471,0.931
130.524402,32.763,1.947
130.338023,33.731,1.558
128.236726,33.688,1.718
130.32095,33.821,0.807
136.175572,31.479,1.276
137.320795,33.063,2.063
135.896296,33.016,2.169
133.130536,33.223,0.963
135.092666,33.634,1.113
134.408109,34.047,1.659
135.327297,34.904,1.216
139.003589,34.261,1.722
140.151412,35.317,1.068
139.01317,35.733,0.847
138.028083,35.565,1.175
138.948172,36.407,1.335
136.254214,34.74,1.468
137.482613,35.444,1.835
137.235737,36.486,1.307
132.07888,34.049,1.168
131.877267,34.516,1.696
132.964405,34.973,1.235
133.25941,35.834,1.508
133.466541,35.89,2.09
132.686161,36.785,1.415
132.073793,37.644,1.076
132.340978,38.306,1.656
135.091298,35.786,0.895
135.220317,36.545,1.635
136.613524,37.578,1.165
137.058913,38.244,1.872
136.263011,39.468,1.432
136.492486,39.713,2.096
132.742201,38.152,1.142
134.280183,40.249,2.16
157.258081,21.15,1.93
159.270697,22.092,1.795
158.473453,22.468,2.185
156.091539,23.138,1.135
157.132533,23.296,1.391
160.719667,23.348,0.928
159.758693,23.805,1.723
161.45802,24.919,1.796
158.544936,23.802,1.55
158.783273,23.943,1.181
159.529029,25.141,1.348
158.524277,25.39,1.952
160.890412,26.071,2.067
155.083735,22.706,0.912
155.325507,24.445,2.171
153.416152,24.243,1.506
152.262211,24.65,0.832
152.343538,24.801,1.197
153.700983,25.031,1.65
154.660367,25.003,1.299
154.366629,26.919,1.327
158.118128,25.342,1.063
157.542571,26.038,1.782
159.70866,27.298,1.059
158.076042,27.33,1.568
156.343284,26.803,1.546
156.246402,28.066,1.102
156.055889,27.965,1.542
156.575355,28.407,1.921
163.361322,25.101,1.468
163.85878,25.737,1.431
163.99755,26.158,1.004
162.760584,26.137,1.105
162.232451,26.551,1.278
162.332864,27.077,1.343
161.045161,27.979,1.616
163.356119,27.582,1.86
162.902371,27.569,2.191
162.7821,28.905,2.025
165.898968,27.477,1.131
166.214659,27.602,1.854
166.870692,28.451,1.433
166.634603,29.793,1.281
163.933047,29.986,1.162
164.545472,30.244,1.555
166.36765,31.203,2.087
164.648244,31.481,1.916
159.533597,28.377,2.1
159.132176,28.468,1.441
159.622077,29.174,0.957
160.63131,30.176,1.161
159.593257,29.541,1.38
160.100503,30.019,1.943
159.153358,30.048,1.698
157.713195,29.816,1.65
161.356435,31.338,1.748
162.995584,30.383,1.823
164.323754,31.421,1.784
163.419037,31.228,1.041
163.940093,31.559,1.871
163.401696,32.393,1.526
152.965522,26.688,1.383
153.096303,27.818,2.111
150.257955,26.909,1.823
149.66275,26.788,1.087
150.672364,27.574,1.918
155.050989,27.996,1.716
154.308202,28.309,1.939
153.728338,28.318,1.287
156.57149,29.567,2.127
154.982977,30.02,1.198
152.488823,29.445,1.552
152.449048,30.483,1.877
153.357038,30.452,1.466
153.641214,30.937,0.927
155.348309,31.997,1.421
148.79129,27.902,1.551
148.878513,28.642,0.917
151.55744,29.863,1.058
149.615163,30.18,1.254
147.201979,29.957,1.715
147.758269,31.241,1.449
148.494209,30.656,1.684
147.967648,31.506,1.542
152.795548,31.357,2.066
150.787171,31.465,1.287
152.983039,32.483,1.649
150.536729,32.215,1.365
150.536443,32.675,1.833
151.649788,32.732,1.61
150.42968,33.465,1.352
151.562208,34.347,1.544
151.966846,35.235,1.757
157.5486,30.297,1.567
157.77044,30.372,1.26
158.137325,30.926,1.507
156.890462,31.441,1.765
159.059925,32.44,1.95
156.55238,33.617,1.491
160.707118,33.775,1.313
160.527495,34.545,2.176
158.952586,34.72,1.825
159.440207,34.842,1.076
158.85227,35.179,1.697
159.564854,35.798,2.051
158.106338,35.182,1.458
158.532734,35.885,2.158
160.69832,36.668,1.11
159.694088,36.926,1.805
154.447026,34.182,1.005
155.777035,35.183,1.351
155.973052,35.554,0.829
155.538694,35.324,1.584
156.213619,36.042,1.813
156.119307,36.144,1.616
153.374849,34.791,1.362
153.34423,35.006,2.125
152.842355,36.175,0.861
154.809871,36.773,1.493
154.103751,37.093,1.12
156.578502,37.008,1.242
156.322941,37.309,1.08
160.092605,38.858,2.078
157.58863,38.586,1.431
156.240751,38.063,1.31
157.098354,38.82,1.466
156.713161,39.05,0.93
157.213038,39.248,1.625
158.013743,40.462,1.818
169.742683,31.73,1.942
167.631372,31.191,1.333
168.887308,31.576,1.694
169.893386,32.172,1.261
171.549031,32.789,1.746
169.577881,32.23,1.197
167.552452,32.723,1.566
166.060948,32.805,1.213
169.163326,35.142,1.417
171.618239,33.291,1.553
170.488606,34.272,1.891
171.00353,34.846,2.059
173.408288,36.375,1.268
170.418408,35.731,1.211
170.866255,37.492,1.334
171.560101,37.706,1.925
165.538603,33.317,1.406
166.747468,34.331,1.124
164.719227,34.157,1.715
168.32841,35.748,1.664
166.411829,35.534,0.944
164.002135,34.887,2.132
164.349828,35.346,1.012
165.548945,35.562,1.544
164.802038,35.601,0.923
164.963388,36.502,1.8
164.37828,36.57,1.047
166.438281,36.444,1.668
165.436962,36.375,1.471
166.422641,36.743,1.451
168.061292,36.551,2.132
169.169048,37.733,1.766
169.866029,38.667,0.856
170.047486,39.046,1.383
170.591206,39.621,1.066
166.546804,38.048,2.078
174.671965,36.34,0.9
173.363751,37.19,1.013
174.287277,37.388,1.345
173.744943,38.325,1.781
173.701167,38.342,1.825
173.680062,39.034,1.667
175.399112,40.347,2.166
174.911562,40.409,0.998
173.846965,39.747,0.883
173.594826,39.763,1.439
173.6265,40.13,1.403
174.438689,41.189,1.775
174.141755,41.291,1.242
177.497526,39.234,2.02
177.772006,40.149,1.299
177.010406,41.431,1.411
179.042008,41.381,1.86
177.330503,41.87,1.863
176.136649,41.263,1.055
176.343545,41.234,1.048
175.544024,41.768,2.098
178.148114,43.451,1.073
171.502142,40.8,1.834
171.777775,40.898,1.819
172.457169,41.97,2.183
174.109806,42.758,1.225
173.347846,42.737,1.634
170.049496,42.478,1.172
171.508495,42.318,1.506
172.143723,43.726,1.091
172.793116,43.447,2.021
173.665107,44.236,1.95
175.352892,42.857,1.316
176.157896,43.0,1.021
177.452047,45.0,2.177
174.855855,44.049,1.354
178.605012,46.237,1.394
178.990924,47.119,2.002
163.200822,36.562,1.268
162.096762,36.912,1.427
165.484799,38.758,1.013
163.967061,38.461,1.687
161.578234,37.534,1.605
162.040867,38.554,1.856
161.612706,39.553,1.58
163.102661,40.041,1.983
163.810352,39.515,1.342
163.105466,41.242,1.277
166.331474,39.331,0.909
166.534072,40.016,1.304
166.700811,40.747,1.137
165.436328,40.561,0.9
166.340944,41.352,1.545
167.953598,42.77,1.375
164.321229,42.095,1.592
165.24117,42.726,1.664
166.887653,42.447,1.895
167.144683,42.898,2.026
167.871254,44.112,1.48
160.904285,40.473,1.866
162.294612,42.196,2.141
162.450282,42.938,1.884
159.445476,41.529,1.737
158.646125,42.021,0.856
160.025196,42.665,1.384
161.366471,44.461,1.649
163.280847,42.333,1.7
164.792799,43.161,1.849
163.220992,43.491,1.059
166.910644,44.659,1.681
164.083034,44.77,1.209
164.027202,44.899,2.126
162.956969,44.836,2.113
163.48982,45.42,0.804
166.175351,46.018,0.943
167.083577,47.75,0.965
173.135166,44.632,1.766
173.513157,45.044,0.99
171.680295,44.708,0.851
168.431306,44.885,0.837
172.375304,45.796,2.115
171.932921,46.433,1.367
174.432566,45.525,1.787
174.137825,46.185,1.626
176.770401,47.429,1.491
175.688708,47.483,1.579
178.380637,47.699,1.105
179.903343,49.639,1.272
174.25715,47.991,1.161
173.916559,47.979,1.877
174.55365,48.242,1.755
175.364678,48.78,1.629
178.897224,49.422,1.419
179.420257,49.823,0.837
178.617293,50.055,0.934
179.509491,50.389,1.012
168.477611,45.547,1.251
169.362685,46.221,1.105
173.245474,48.414,1.838
172.361996,48.626,1.49
168.903392,47.403,1.169
168.772568,47.834,1.751
169.267133,47.592,2.064
170.194018,48.822,0.908
172.79517,50.307,1.076
175.754867,49.518,1.527
174.816669,50.178,1.189
179.819594,52.47,1.389
173.291736,50.31,1.719
175.597236,51.575,1.541
177.910864,53.009,1.583
145.989688,30.357,2.08
147.988641,32.583,2.191
145.253545,32.978,2.003
144.157769,32.944,1.728
144.782345,32.974,0.839
145.93063,33.542,1.101
147.532321,34.332,1.605
146.039033,34.813,1.034
148.833549,33.152,1.582
148.459517,33.767,1.159
148.634238,35.161,1.755
150.79668,34.595,0.937
150.999455,34.782,2.031
147.289734,34.667,1.387
148.341578,35.936,1.304
148.160565,36.117,1.484
147.853567,37.37,1.557
143.839366,33.636,1.274
142.929811,34.274,1.405
143.42176,35.112,1.552
142.232552,35.768,0.857
141.514189,36.485,1.55
142.468279,37.073,1.477
142.675046,37.761,1.173
146.415529,36.869,2.18
146.843292,36.899,1.864
145.871237,37.51,1.44
146.445461,37.549,1.777
146.619727,38.168,1.128
147.309774,38.061,0.889
148.125584,38.902,1.021
145.622256,38.692,1.596
146.692442,40.228,1.191
147.133663,40.804,1.442
146.521697,41.098,1.824
152.281982,36.393,2.125
154.108282,38.607,1.269
153.827881,39.211,1.361
150.463407,37.264,1.192
150.848014,38.045,2.013
151.630221,38.773,1.848
151.042785,38.771,1.582
149.664807,38.874,1.231
150.53991,39.386,1.567
151.654408,40.091,1.435
155.516466,40.024,1.903
155.814768,41.4,1.653
157.121141,41.499,1.82
157.434806,41.863,0.864
153.698344,41.351,1.129
154.613126,41.841,1.79
155.56014,43.176,0.858
154.304229,43.109,1.022
148.960178,40.371,0.895
151.564566,42.01,1.581
149.595232,41.256,2.129
147.520459,40.431,1.477
147.279572,42.203,2.124
149.171616,42.202,1.705
150.188282,43.907,1.773
148.495187,42.863,1.04
149.093615,43.243,1.926
149.399463,43.842,1.604
149.81778,44.714,1.009
153.549438,43.202,2.187
153.193068,43.777,1.563
151.943531,44.082,1.23
154.334583,44.588,1.329
154.4452,44.654,1.448
153.46777,44.646,1.928
153.554317,44.704,1.599
153.79508,45.366,1.13
153.075472,46.601,1.751
153.453784,47.028,2.168
141.865908,37.207,1.328
139.691112,36.803,1.743
140.124626,37.966,1.954
141.169378,38.632,1.006
138.722277,38.943,0.919
140.230771,39.702,1.331
140.626571,40.047,1.322
141.149623,40.657,1.563
143.811079,39.183,1.626
142.768539,40.681,1.874
142.306143,40.829,1.309
141.125787,42.079,0.896
143.448971,43.285,2.098
137.910098,39.792,1.681
136.5889,40.202,1.055
136.255999,41.893,1.847
136.410311,43.078,1.423
141.097056,42.35,1.393
141.08964,43.237,2.018
141.204439,43.556,0.839
141.885375,43.883,1.897
140.259935,43.154,1.167
143.468337,45.029,2.199
143.484912,45.551,1.678
142.104437,44.792,1.554
141.92178,45.149,1.485
142.251291,46.03,1.29
142.793428,46.338,2.11
138.479417,44.484,1.883
142.474554,46.602,1.39
140.541319,46.671,1.061
141.337212,46.703,1.259
141.340717,47.679,1.794
147.188159,43.068,1.262
147.984172,43.468,1.317
145.817151,43.245,1.654
145.264354,43.365,1.823
148.664864,44.97,0.841
145.637792,43.856,1.889
146.695333,45.889,0.892
146.040685,46.487,2.151
147.00781,47.307,0.864
149.994934,45.373,0.952
153.216425,47.856,2.131
152.62773,48.161,1.834
151.108916,48.169,1.357
151.268825,49.392,1.616
145.263791,46.449,1.728
144.221295,46.537,1.158
146.823312,49.253,2.171
142.090413,48.492,1.335
145.585017,49.392,1.065
145.684256,50.078,1.645
144.276617,49.535,0.913
144.294354,49.633,1.018
148.815654,49.844,0.934
147.872249,49.585,1.875
149.775337,50.306,1.494
147.724595,51.209,1.569
148.832671,52.755,0.902
157.575658,43.136,1.158
158.773092,43.801,1.167
160.044534,45.473,0.965
161.43907,46.016,1.334
157.144471,44.598,1.652
158.437088,45.437,2.194
156.603023,45.343,1.73
158.000607,45.57,1.63
158.73731,45.788,1.902
158.747468,46.172,1.139
160.019594,47.619,2.183
162.023065,45.435,1.696
163.936671,47.135,1.893
162.471469,46.517,1.004
166.505501,48.07,0.886
164.765791,48.088,1.259
165.591044,48.774,1.597
162.078926,48.842,1.705
162.901974,49.232,0.92
165.366711,49.209,1.001
157.611064,46.345,2.085
159.904829,48.123,1.34
159.946262,48.216,1.895
155.488592,47.376,0.897
156.923472,48.986,1.229
157.641523,49.151,1.726
158.284231,50.223,1.098
165.61689,51.199,1.186
165.983902,51.303,1.178
163.122278,50.593,1.47
160.428942,50.098,1.566
161.841295,51.937,1.517
161.271489,51.948,2.161
164.382949,52.6,1.73
164.732045,54.141,0.901
167.664741,49.372,1.787
168.975735,50.242,1.487
170.444913,50.261,2.071
170.567394,50.674,1.286
171.123132,51.971,1.622
172.37901,52.541,1.056
169.127679,51.532,1.487
169.622576,51.972,1.371
174.631505,52.558,2.078
176.831816,53.209,1.296
176.418,53.504,1.548
177.856598,54.205,1.162
174.055894,53.495,1.673
176.634475,55.173,1.217
179.623013,55.754,1.065
178.486138,56.264,1.366
166.215531,52.682,1.605
170.893124,53.628,1.343
169.164677,54.113,1.522
169.753981,54.376,1.212
171.217816,54.869,1.924
174.915652,55.947,1.86
172.294239,55.351,2.104
175.647946,56.705,2.122
174.082731,56.354,1.017
178.847543,58.12,1.582
175.142958,57.547,0.883
172.295289,57.575,1.816
175.51297,58.409,1.174
179.460816,59.125,1.651
179.127074,59.308,1.854
154.029889,48.698,1.399
155.210574,49.364,1.081
154.529566,50.472,1.75
158.461953,51.752,1.337
157.791042,51.883,1.068
157.460091,52.218,1.956
154.610332,50.576,1.722
154.166789,51.26,1.478
153.312646,50.906,1.895
156.536338,51.757,1.697
155.921804,53.382,0.944
159.007399,51.714,1.82
161.269128,53.394,2.009
162.668507,53.598,1.646
163.627667,55.034,1.416
159.381624,54.484,1.22
161.77289,55.402,1.791
161.449664,56.089,1.475
151.947936,52.012,1.04
152.121509,52.332,1.763
152.604998,52.725,1.667
154.020383,53.742,2.008
155.504608,55.139,2.14
151.354892,54.17,1.588
153.442832,54.863,1.175
155.881592,56.745,1.178
158.384483,56.029,1.128
160.656858,56.261,0.849
163.328114,57.325,1.562
162.719037,58.262,1.39
156.550881,56.283,1.656
157.262344,57.419,1.661
159.981411,59.213,1.197
165.064584,54.423,1.651
167.295998,55.62,0.875
167.926288,56.575,1.55
165.763765,55.761,2.116
164.097528,56.482,1.3
165.502262,57.441,1.288
163.815679,57.327,1.035
167.998972,57.58,1.432
168.258299,58.701,0.936
173.394252,58.866,2.126
174.710103,59.465,1.273
174.931706,59.571,1.404
177.331798,59.642,1.054
177.483674,60.935,1.368
178.020231,60.534,1.935
175.178372,60.816,0.847
176.547178,61.074,1.544
165.058922,58.127,1.785
166.539468,59.4,1.175
163.080594,58.871,0.884
170.190907,60.136,1.872
165.282653,60.003,1.398
165.679248,60.913,2.126
167.793142,61.592,1.724
169.490258,61.762,1.67
171.250884,61.232,1.089
172.632133,61.496,2.021
174.673435,62.166,1.308
175.111159,62.422,1.311
170.688233,61.876,1.405
174.418482,63.014,1.471
176.244546,62.967,1.758
175.480238,63.335,1.003
177.758945,63.534,1.983
175.122781,63.73,1.499
112.272171,20.277,2.012
114.604326,22.159,1.157
112.558149,22.485,1.349
113.047348,23.083,1.7
111.901011,22.82,1.113
112.513857,24.52,1.658
115.790663,23.649,1.841
114.232027,23.301,0.946
115.102187,23.596,1.362
115.152926,23.731,1.092
117.047019,24.083,1.436
115.725792,24.842,1.352
115.002232,24.524,0.861
115.563423,25.948,2.058
110.542281,23.425,1.557
111.189813,23.658,1.774
111.669435,24.014,2.042
111.563279,23.976,1.328
112.07365,24.837,1.64
112.902915,25.179,1.53
112.101256,25.933,1.818
112.6294,28.433,1.071
113.506965,28.687,1.583
112.282846,29.271,1.845
112.103653,29.473,2.092
119.019143,25.799,1.001
120.0301,26.793,0.959
120.138478,26.906,1.433
120.060171,26.949,0.855
119.452701,27.897,1.676
116.482586,26.904,1.465
116.469933,28.331,2.189
118.78308,28.858,1.886
117.546579,29.075,1.579
117.781282,29.615,1.066
122.012602,28.925,2.017
120.08577,28.26,2.182
122.696685,29.635,2.168
122.590094,30.489,1.174
119.478402,30.394,0.89
119.528652,30.45,1.533
119.097901,30.552,1.239
120.679635,31.447,1.13
120.79859,31.535,1.731
120.435991,32.137,1.089
115.237462,28.193,1.339
115.52332,28.481,1.227
114.880809,28.613,0.916
116.667701,30.682,1.774
114.981444,30.497,2.107
115.181925,31.195,1.357
115.111805,31.74,1.475
118.855758,31.714,0.929
118.87472,33.42,1.393
116.989386,33.939,1.274
118.358145,33.871,1.382
117.512311,35.04,1.766
111.098287,29.661,1.645
110.998939,30.778,1.533
108.891917,32.664,1.891
108.713327,33.786,1.642
113.154953,31.259,1.102
111.638909,31.646,1.413
112.36609,32.471,1.443
113.281531,33.0,1.583
113.384137,33.193,1.266
110.839695,31.797,1.871
110.302327,32.429,1.78
112.294008,33.278,1.706
114.550423,34.306,0.99
117.078178,35.382,2.012
116.377803,36.452,0.891
116.921411,36.947,1.322
113.984167,36.287,1.161
113.61407,36.718,0.94
115.257976,36.456,1.969
110.180194,34.228,2.093
109.495613,34.173,1.382
108.812132,34.422,1.223
110.97077,34.619,0.867
110.262983,35.134,1.52
109.786475,35.594,1.039
110.851015,36.124,1.413
110.928766,36.473,1.747
107.849607,34.924,2.134
108.243105,36.027,1.378
109.607183,36.224,1.791
110.579561,37.617,1.912
112.568682,36.791,1.604
111.870429,37.888,1.272
113.881489,38.21,1.778
114.036932,39.633,2.077
111.90314,38.368,1.463
110.601831,39.044,1.132
111.08116,39.399,1.62
113.113606,39.89,1.329
113.001695,39.998,0.978
111.755664,40.457,0.807
113.000323,40.95,1.18
124.494316,30.808,1.431
125.552336,32.002,1.589
121.751883,31.98,1.531
121.800285,32.906,2.1
122.119902,33.449,1.049
127.403663,33.694,1.172
126.184125,33.875,1.354
127.768575,35.234,0.979
127.676404,36.49,1.53
124.812747,34.96,1.894
125.096288,35.105,0.831
127.573607,36.85,1.634
120.489969,34.229,1.871
120.516071,34.377,0.896
119.950067,36.35,1.677
123.718766,37.547,1.228
124.164671,38.488,1.08
121.782013,37.863,2.091
122.852809,39.049,1.217
124.384431,40.308,1.118
122.692987,40.29,2.066
124.086145,41.164,1.656
129.561216,37.216,1.138
130.275201,37.544,1.979
128.564492,37.106,1.8
130.86204,40.093,1.104
128.273907,38.016,0.829
127.737188,38.366,1.312
126.94483,38.564,1.296
127.133726,38.557,1.08
127.938227,39.27,2.099
130.252773,39.939,1.183
130.060421,40.385,1.697
129.826424,41.297,1.567
134.368493,41.913,1.178
133.059049,41.362,0.932
134.191062,42.514,1.604
133.267331,43.046,1.023
131.667596,42.176,2.11
130.916353,42.209,1.232
132.259174,41.953,0.829
131.31163,43.953,0.809
126.85261,40.38,1.44
125.724642,40.682,1.308
125.958241,41.73,1.225
126.086033,43.985,1.094
131.105721,43.975,1.459
130.498385,44.47,2.05
130.896997,45.209,1.57
129.96791,44.511,1.731
127.196056,44.973,2.129
129.472166,46.0,1.143
129.291482,46.411,1.705
129.037007,46.632,1.456
128.792532,47.872,0.939
117.036566,37.032,1.044
118.922627,37.862,1.857
120.279572,39.116,2.161
119.227163,38.904,1.431
116.991108,38.667,2.077
118.405235,39.739,1.306
117.034824,40.176,1.663
118.220765,40.545,1.579
120.484605,39.323,1.548
122.060716,40.5,1.849
121.484557,40.496,1.294
116.789208,41.497,1.004
117.375979,41.633,1.421
114.282306,41.916,1.581
113.656944,44.107,1.502
118.00404,42.741,1.95
118.519775,43.166,1.041
116.99617,43.39,2.084
116.992186,44.463,1.708
119.65669,45.139,1.47
119.303678,45.36,1.253
115.092538,45.141,1.281
114.382207,45.149,1.861
123.978344,42.956,0.894
122.888001,43.922,2.036
123.419362,45.334,1.539
121.820026,43.933,1.239
123.42811,46.696,1.841
121.931579,47.579,1.709
127.144693,47.381,2.179
127.933268,48.025,1.208
127.163129,48.002,1.973
124.478696,47.652,1.067
123.901019,48.237,1.36
120.163252,46.939,0.968
119.934545,47.346,1.85
117.736653,46.771,1.462
118.073317,47.297,0.867
116.344938,47.924,1.695
116.623549,48.401,2.182
117.502301,50.224,2.0
118.502683,50.437,1.537
117.827609,50.545,1.853
122.812962,49.246,0.815
120.433763,49.775,0.923
121.68875,50.229,1.516
123.520168,50.067,1.644
122.351557,50.432,2.118
123.181282,52.206,1.769
120.842655,51.072,1.357
120.153641,51.843,1.161
120.798196,52.269,2.023
121.223112,52.636,1.026
107.569941,36.59,1.911
108.292524,37.595,1.055
108.779207,37.914,1.045
109.060418,39.345,2.1
112.08027,41.838,0.89
109.909516,41.757,1.488
110.854642,42.213,1.94
110.905602,42.618,1.323
110.179224,43.234,1.88
111.957165,43.734,0.913
110.58121,43.296,0.809
113.0666,44.6,0.872
112.608145,45.523,1.423
109.435923,44.136,1.746
110.563226,44.418,0.955
110.222522,47.301,1.645
110.200407,47.557,1.653
109.581606,47.302,1.291
113.461246,46.33,1.047
112.936188,48.671,2.162
113.782251,49.293,1.068
111.85931,47.021,1.677
111.911083,47.546,1.467
110.242275,47.754,2.11
107.626002,47.365,1.815
107.73616,49.005,2.177
105.581978,49.023,0.96
106.262581,49.073,1.14
105.254347,49.997,1.682
105.059563,50.305,1.802
108.724921,51.092,1.293
108.113371,51.625,1.168
106.172129,50.043,1.464
104.960225,52.07,1.496
107.523678,52.084,0.866
106.557893,52.187,1.234
105.800382,52.448,1.08
105.334482,53.325,1.824
115.870205,48.588,1.557
115.416448,51.297,1.887
113.516448,51.602,0.841
111.881644,52.232,1.898
114.659862,52.862,0.938
113.813367,52.86,0.985
119.249409,54.127,1.45
119.08908,54.132,1.257
115.386677,54.676,1.599
115.044855,54.788,1.844
113.629682,55.308,1.317
115.574712,55.446,2.184
115.792668,56.44,1.512
109.335163,53.498,1.633
111.291757,54.3,2.15
109.905057,54.28,1.326
110.47366,55.322,1.951
107.905982,52.958,0.879
106.924799,55.079,1.638
106.016268,54.926,1.542
111.369606,58.584,1.387
108.783509,57.765,1.046
108.874881,58.892,1.973
108.414433,60.107,1.695
103.95385,52.072,1.45
103.403432,52.493,1.956
102.983245,56.195,1.165
103.336651,56.085,0.938
105.097982,56.75,1.321
104.593053,56.779,1.745
100.659812,56.666,1.019
101.521933,57.455,2.045
101.732886,58.739,1.808
102.343636,58.802,1.343
101.544318,58.689,1.616
134.26893,44.163,2.023
137.084223,44.455,1.569
136.690649,44.921,1.551
137.009474,45.753,1.145
133.621341,44.155,0.989
134.821286,46.234,1.792
135.462598,47.379,1.607
137.639539,46.623,1.137
138.197069,47.025,1.312
141.22723,48.32,2.018
136.966273,47.599,1.395
137.986109,48.178,0.915
138.362288,49.377,0.841
139.442457,49.907,1.787
138.239315,49.786,1.269
131.603012,47.746,0.908
133.394377,48.126,1.4
133.082067,48.029,1.395
132.323156,48.079,1.89
133.855135,48.91,1.329
132.394621,49.274,1.354
135.663028,50.01,0.984
135.712445,50.133,1.702
134.400774,49.687,1.514
132.828612,50.754,2.056
134.52991,51.301,1.828
132.217042,51.513,1.204
133.526483,52.018,0.863
143.807129,50.834,1.969
142.849373,51.144,1.477
140.165981,50.175,1.139
140.094772,51.747,1.952
140.592603,51.763,1.646
142.570214,53.06,1.9
141.292909,52.858,1.444
142.676374,53.318,2.096
145.472109,51.623,1.318
145.713367,51.63,1.315
146.117218,53.498,1.204
148.117502,53.221,1.141
147.978892,54.066,1.13
147.72182,54.206,1.658
147.802682,54.178,1.461
146.492404,56.064,1.219
145.882407,56.363,2.148
146.942192,57.168,1.838
137.37509,52.541,1.652
139.0487,53.351,1.381
139.988645,53.625,1.708
141.945819,54.177,1.419
140.700665,54.561,0.912
136.251984,53.973,1.552
136.511369,54.637,1.048
138.958694,55.368,1.66
146.780256,57.109,1.526
143.90129,56.796,1.731
145.117325,58.357,0.873
139.537804,57.413,2.071
142.229199,59.03,1.598
143.234937,59.538,1.361
129.131288,49.896,1.868
127.331122,50.032,1.987
129.619628,50.555,1.471
127.002693,50.15,1.749
127.885944,52.104,1.411
130.212935,52.624,1.745
131.53237,53.285,1.606
134.529119,54.228,1.291
132.642215,54.415,0.977
128.381735,53.909,1.071
130.498107,55.167,1.334
131.123997,55.71,2.172
130.35673,56.394,1.894
130.87027,56.858,1.631
124.167818,52.481,1.04
123.008147,53.401,1.686
125.647747,53.229,1.15
125.327226,54.872,0.893
122.189843,53.5,0.939
122.201009,54.24,1.316
121.175065,53.713,1.633
123.575679,54.522,1.548
125.929501,60.334,1.443
135.641044,56.33,0.881
134.922383,55.847,1.163
137.663381,57.124,1.822
132.12302,57.897,1.058
133.107405,57.615,1.473
134.305279,58.864,2.03
133.0981,59.016,1.297
133.096087,59.025,1.297
139.459602,58.511,1.02
139.370675,58.656,1.356
141.340396,61.256,1.08
138.270624,60.133,1.375
137.625625,60.221,1.655
140.496086,62.023,1.237
138.999179,61.627,1.497
130.899983,60.062,2.017
132.340955,59.324,0.807
133.263384,59.706,1.031
134.544626,60.188,1.833
133.096482,60.604,1.76
135.411543,62.289,1.914
149.955103,54.782,1.31
150.943398,55.227,0.854
152.131016,56.283,1.77
149.031285,55.648,1.994
154.22143,57.438,1.441
152.658374,57.993,2.013
151.325083,58.352,1.55
153.828266,59.02,2.121
150.938138,58.878,1.302
157.587848,58.807,0.973
157.058793,59.52,1.225
159.280719,59.54,0.985
160.768916,60.065,1.977
154.513631,59.264,1.057
153.801535,60.756,1.64
149.914633,58.922,1.041
148.713504,60.126,1.874
150.288592,59.255,1.063
152.038211,60.562,1.891
151.348029,61.184,0.829
147.148164,60.18,1.192
149.845151,61.403,1.665
148.614797,62.729,1.386
154.156212,62.354,1.107
156.184756,62.344,1.298
159.541994,63.905,1.435
155.618293,63.291,1.001
157.860692,63.683,1.947
153.44436,63.142,1.547
154.050001,63.922,1.995
156.542593,65.986,1.666
162.872414,60.837,2.12
163.707841,62.412,1.794
164.015551,62.669,1.615
166.620469,63.342,0.965
169.082675,64.241,1.83
161.964542,63.261,1.843
160.319856,63.271,1.131
165.598556,63.963,0.902
168.254981,64.735,1.174
165.24522,64.735,1.489
167.310478,65.146,1.306
172.339244,64.706,0.895
179.661356,66.867,0.845
175.764969,66.237,1.727
170.38159,66.285,1.907
178.356017,67.804,2.074
176.469586,68.157,1.199
178.458929,68.81,1.352
164.641199,65.441,1.953
164.408337,65.554,2.188
167.487254,66.342,1.571
166.201627,67.079,1.124
167.949879,67.536,1.066
161.400897,65.978,0.989
161.797343,66.483,1.544
160.601857,66.769,1.48
164.819026,68.275,1.509
165.814004,68.406,1.54
170.084347,67.665,1.4
168.537227,67.296,1.913
172.312731,68.551,1.493
176.514787,69.065,1.832
174.928182,69.217,1.849
172.369259,69.597,1.688
175.412581,70.211,1.141
179.95934,71.156,0.849
145.770227,61.69,1.214
148.048667,63.353,1.651
147.421047,63.653,1.923
143.059753,62.496,1.337
141.489155,62.72,0.86
142.335082,62.806,0.897
143.222658,63.2,2.06
151.190097,64.09,1.1
150.958866,64.118,0.921
153.116042,64.846,1.686
150.838371,65.447,1.278
152.56465,66.13,1.443
154.971586,67.304,1.975
149.983104,65.702,1.037
153.652121,67.306,0.874
151.577109,67.264,1.252
151.548697,67.266,1.501
152.572819,67.66,2.074
153.434106,68.71,1.232
149.874297,68.716,1.427
152.747476,70.469,1.556
157.914734,68.18,2.126
165.526632,69.599,1.691
161.533602,69.301,1.754
157.563621,68.673,0.903
159.328174,69.563,1.887
162.346539,70.477,1.827
162.537954,71.452,2.019
167.319584,69.805,2.032
168.913449,70.577,1.301
167.220683,70.569,1.118
170.617369,71.597,1.867
171.617734,72.127,1.478
177.618895,72.909,1.151
170.074211,72.05,0.998
170.814817,73.1,1.405
173.176554,74.025,1.005
156.367895,70.142,2.148
157.904578,70.828,1.635
158.605428,71.058,1.485
161.879986,72.175,1.38
154.814197,72.371,1.867
155.140126,72.748,1.872
163.067744,74.175,1.58
167.08369,74.377,2.008
177.026663,75.371,1.309
164.215359,75.021,1.053
165.980226,75.503,0.868
178.990561,77.302,1.155
172.648129,76.525,1.525
120.29464,56.294,2.117
117.846868,55.866,1.032
119.600533,56.859,1.391
120.923535,57.432,1.948
119.178262,57.36,1.194
120.728913,57.788,1.29
115.23347,57.253,0.885
117.068797,58.265,1.686
121.711213,59.136,1.532
121.07981,59.169,2.127
122.587506,60.196,1.471
123.480394,60.845,1.672
121.403421,60.607,1.293
121.426532,61.915,1.191
119.667723,62.088,1.976
119.213284,62.396,0.906
120.972384,62.171,1.037
114.723922,58.174,1.979
114.091995,58.786,1.174
111.968816,58.941,1.265
112.389253,59.315,1.383
108.706802,60.863,2.016
111.542245,61.051,0.999
116.68814,61.772,2.094
114.997912,61.987,1.41
115.444009,63.213,1.719
117.980942,62.446,1.537
114.927535,65.405,1.299
123.992455,61.799,2.057
124.508994,64.137,1.139
125.06591,64.632,1.222
128.003391,65.628,1.426
126.100393,65.435,1.809
125.579347,67.275,2.074
127.881452,67.672,1.045
128.337458,69.293,1.125
121.36304,64.651,1.302
118.207149,64.499,2.041
122.129962,66.706,1.668
119.368857,67.319,1.179
116.804132,66.42,1.004
115.273978,67.062,1.377
115.388925,67.198,1.521
118.463797,68.256,1.098
125.39261,67.76,1.328
124.187662,69.257,1.765
124.308417,69.65,0.911
122.988733,69.161,1.928
124.097131,70.347,1.527
120.804085,69.764,1.998
119.051806,70.933,1.038
120.888643,71.13,1.548
120.897424,71.245,1.388
109.00363,63.768,1.963
108.422543,63.562,1.153
108.691644,63.819,1.262
107.31427,63.559,1.626
107.767503,64.014,1.55
104.666843,64.756,0.999
103.981648,65.443,1.66
101.967883,65.361,1.756
108.249255,64.673,1.865
106.80339,65.36,1.061
111.691625,66.333,0.843
107.550704,66.632,1.246
108.707125,67.63,0.826
104.198978,66.357,1.453
106.493052,66.456,0.858
105.067926,66.708,2.132
106.880823,67.728,1.895
107.140777,68.113,1.371
106.287097,68.306,1.884
109.641995,69.185,1.549
112.812495,68.407,2.007
113.570959,69.281,0.952
111.632216,69.602,1.865
110.025266,70.108,2.037
107.15264,68.588,1.644
115.819149,69.53,2.177
114.009817,70.004,1.836
115.696545,71.082,1.152
113.559039,71.01,1.62
112.684513,71.903,1.484
118.53218,72.194,1.18
112.467657,72.479,1.992
103.790376,75.264,1.9
106.766235,74.747,1.564
106.021693,75.609,1.25
103.993795,75.963,1.596
132.90053,68.538,1.276
132.880131,68.794,1.429
132.178482,68.982,1.797
132.856719,69.001,1.631
129.834439,69.687,1.053
130.338413,69.977,1.891
131.580039,69.65,1.271
141.906929,73.22,1.688
145.249278,73.317,1.154
142.748271,74.01,1.936
129.196206,71.601,1.56
134.127072,72.355,1.469
132.198025,72.377,0.834
132.699967,72.5,1.741
126.164271,72.496,2.036
125.56132,72.835,1.905
121.814049,71.876,1.152
121.749802,72.808,1.752
123.388714,73.084,1.268
128.424777,73.328,1.937
126.034275,73.559,0.822
135.694833,73.036,2.057
135.922772,74.006,1.351
132.668642,73.262,1.718
134.331748,73.699,0.992
140.168617,75.757,1.054
131.161107,74.403,1.612
129.714678,74.895,2.07
135.938098,75.992,1.375
138.323764,76.377,1.679
134.469327,77.193,1.946
151.111942,73.466,0.877
151.853793,73.605,1.286
149.919687,73.685,2.075
158.235667,74.6,0.978
160.42507,75.212,1.478
160.10787,76.621,1.638
150.609181,75.297,1.434
147.83419,75.209,1.261
153.403526,76.347,1.662
153.709789,77.137,1.74
155.303506,77.12,1.732
164.820412,76.447,1.183
175.162865,79.161,0.821
159.145081,77.873,1.264
164.542631,78.898,1.516
171.940394,79.082,1.021
172.875015,80.387,1.327
152.436491,79.327,1.143
141.660394,77.639,1.513
144.762919,78.673,2.008
137.214068,77.827,1.756
140.359437,79.335,1.597
147.333054,79.171,0.996
148.273277,79.96,1.36
150.450982,80.391,1.084
156.191673,79.49,1.84
155.563122,80.404,1.476
158.04198,80.855,1.584
157.921904,81.096,2.127
155.648919,81.82,1.647
121.817813,74.098,0.982
119.532009,74.214,1.608
115.542968,74.438,0.897
122.514162,75.011,1.354
120.244123,75.814,1.894
114.420304,74.473,1.323
111.829279,75.331,1.163
111.299552,76.288,1.303
116.16781,75.754,1.737
123.695862,76.062,1.046
123.175005,76.089,2.104
121.123786,77.156,1.116
121.799891,77.48,1.915
130.560464,77.583,1.32
127.942539,77.679,1.246
130.566253,79.288,1.501
118.333812,77.441,1.007
121.019655,78.792,2.05
116.076046,78.623,1.709
114.403936,78.824,1.38
123.847904,78.538,1.421
121.540392,80.647,1.057
105.991803,77.102,1.837
109.546509,77.642,1.924
110.010744,78.052,1.105
102.753607,79.763,0.843
91.352801,79.949,1.487
113.056456,79.571,2.179
106.198965,79.613,1.771
116.447045,81.417,1.519
110.35442,82.285,0.909
102.358752,79.983,1.567
94.410291,83.062,1.163
98.61437,82.848,2.076
95.58287,83.136,1.906
136.732401,79.091,1.824
145.647209,82.144,1.259
142.87467,82.427,2.172
128.514116,80.759,0.897
123.787958,81.068,1.829
125.189497,81.115,1.243
137.666901,81.852,1.005
141.3703,83.116,1.694
134.983861,82.895,1.761
133.244321,83.395,1.783
118.38286,82.629,2.057
108.762422,82.688,1.336
113.868437,83.675,1.088
125.260148,83.13,1.776
101.230125,83.844,1.585
224.133731,0.893,1.452
226.375197,1.457,1.002
225.317309,2.32,0.937
223.219078,2.485,2.037
222.974974,2.501,2.022
225.203908,3.422,1.304
229.636965,4.952,1.55
229.623371,5.387,1.041
227.037716,5.167,0.994
226.025088,4.508,1.57
226.55264,5.112,1.686
226.858292,5.701,2.141
227.096728,6.136,1.639
222.420996,3.482,1.892
221.78001,3.696,1.382
223.939178,4.909,1.148
223.810732,4.919,1.089
223.207521,4.804,1.383
221.696171,4.426,1.641
220.876384,5.084,2.141
221.368784,6.328,1.419
226.816783,6.495,1.789
225.963404,7.947,1.815
224.14986,7.226,1.405
224.164571,7.537,1.58
225.769762,8.121,1.039
225.190174,8.301,2.193
225.656623,8.853,1.214
232.431045,7.054,1.66
230.259455,6.923,1.406
228.662354,7.686,1.994
228.964344,7.924,1.211
229.603817,8.384,1.065
235.614751,9.182,1.327
234.655642,10.03,2.04
231.767331,9.355,1.699
231.908881,9.909,1.982
226.74941,8.457,1.482
228.742884,8.835,1.733
229.132455,9.416,1.548
229.889743,9.475,1.378
229.805892,9.596,0.92
228.993661,9.482,2.103
228.986874,9.908,0.822
226.261987,9.072,1.867
226.722177,10.049,1.772
227.754228,10.475,0.971
228.233431,11.072,1.164
227.176888,11.168,1.31
231.625942,10.977,1.244
230.158168,10.743,1.498
229.620086,10.778,2.191
231.754885,11.829,1.827
229.797272,11.569,1.713
230.928973,14.203,1.073
219.830421,5.691,0.894
220.794092,7.119,0.863
219.651205,7.02,1.676
220.019915,7.555,1.835
221.331493,7.734,1.141
221.058285,7.858,1.666
217.285934,7.473,1.145
220.23928,8.217,1.276
219.901121,8.793,1.968
219.301526,8.475,0.966
222.360945,7.626,2.07
223.336078,8.587,0.838
223.98846,9.567,1.99
223.058006,9.445,1.804
223.227512,9.408,0.915
220.264449,9.662,1.586
220.59811,9.951,1.473
216.816985,8.112,1.671
215.700867,7.949,1.941
218.014531,9.553,2.017
218.118028,9.496,1.019
216.11403,11.63,2.095
218.827939,10.137,1.096
218.363884,11.086,1.345
221.790886,11.855,1.355
220.223318,12.046,2.157
220.937998,12.582,1.799
220.798281,13.143,0.938
218.231829,11.4,1.345
217.08752,12.142,1.214
220.490096,13.043,1.58
220.216629,13.559,1.732
226.781736,12.291,1.884
225.848405,12.746,1.69
223.221622,11.187,1.092
224.659514,11.87,1.665
225.162778,12.974,1.108
227.949374,12.466,0.896
227.982664,13.301,1.472
228.637109,13.411,1.526
227.367273,13.162,0.817
229.623657,13.929,1.242
229.305985,14.018,1.881
228.627399,14.16,1.568
228.787068,14.26,2.174
225.494332,14.907,1.229
226.434392,15.393,0.833
228.164241,15.861,1.128
227.781878,16.716,1.319
222.217776,12.597,1.271
222.757147,12.992,1.006
221.782923,13.683,1.334
222.256075,14.149,2.156
223.041903,13.906,1.516
220.560393,13.477,1.229
226.165839,15.596,0.994
225.479355,15.759,0.99
225.114344,16.414,1.119
226.599413,16.04,1.917
226.004076,16.372,1.39
224.491618,16.518,2.194
223.420175,17.353,1.471
224.640934,19.006,1.251
235.60888,11.387,1.695
236.08961,11.644,1.624
234.591043,11.123,1.111
235.084717,12.46,1.992
237.423597,13.19,2.092
237.137701,13.384,1.496
239.340654,13.151,1.023
238.717569,13.305,2.165
241.61641,14.369,2.063
240.109478,14.677,1.09
239.399564,14.493,2.115
237.875043,14.182,1.891
237.740583,14.744,0.865
237.635137,14.949,1.132
233.565886,13.288,1.015
232.421237,12.93,1.545
233.338371,13.185,2.182
234.257493,14.896,1.172
234.615317,15.272,1.679
232.830716,14.899,1.351
232.021102,14.729,1.766
233.390666,16.291,2.101
236.700894,15.313,1.314
235.548069,16.244,0.819
237.900429,16.105,2.134
237.619356,16.019,1.604
238.111489,17.121,1.655
234.689415,16.148,1.431
235.523517,16.674,0.847
234.430887,16.656,0.976
234.157611,16.901,1.169
234.603762,17.531,1.451
237.389539,18.094,1.05
236.896125,18.421,1.61
243.019353,15.59,1.741
241.244475,15.164,1.422
242.454,16.909,0.937
242.927313,17.404,1.371
239.763691,17.118,1.521
240.108588,17.762,0.954
241.689386,17.58,1.745
241.969861,17.908,1.549
244.374343,17.535,1.284
244.446022,18.821,0.844
246.509699,19.508,1.352
246.302651,19.594,1.676
245.819807,19.981,1.893
246.047388,20.103,1.136
243.140388,18.56,1.913
244.02934,19.548,1.067
244.77439,20.266,1.198
239.492801,19.062,2.045
238.773309,19.119,1.877
240.327767,18.475,0.94
240.723142,18.978,1.17
239.628124,19.055,1.562
239.959613,19.734,1.317
240.279928,19.897,1.449
237.868136,18.519,1.983
238.537919,20.948,1.65
238.809101,21.516,1.303
238.946952,21.757,1.812
240.596528,23.358,1.49
230.357424,16.613,1.666
232.229674,15.948,1.3
233.271266,16.85,1.488
233.179686,16.919,1.59
232.500696,17.736,2.174
229.237789,15.887,1.594
231.006354,18.504,0.972
230.078057,18.292,1.055
230.277498,18.558,1.85
233.144987,19.012,1.71
234.123249,19.081,0.89
233.443862,20.053,1.472
233.60996,20.877,1.506
227.90553,17.498,1.451
227.622449,17.572,1.725
228.590744,17.961,1.988
226.228984,18.683,1.315
227.734065,20.206,1.029
226.69838,20.868,1.074
232.53215,21.43,1.138
231.945416,22.837,1.885
230.668272,22.741,1.312
235.970581,19.792,1.076
235.773259,20.139,1.901
235.858478,20.617,1.333
236.103276,21.185,0.806
236.006951,21.35,1.778
237.987511,22.018,2.057
235.15716,21.333,1.421
236.634545,24.234,1.748
238.580278,23.242,1.313
240.031482,23.912,1.626
236.895548,25.108,1.513
237.690747,24.827,1.886
237.988612,25.356,2.118
234.847337,24.064,1.189
235.72099,24.518,0.912
235.768791,24.787,1.545
235.273015,24.388,1.057
234.540731,25.515,1.682
232.774305,24.986,1.354
231.010504,24.419,0.96
231.417767,24.733,1.204
234.367578,26.09,1.079
234.240275,26.064,0.83
232.752171,25.863,1.521
236.15456,26.371,2.055
235.325148,27.266,1.321
236.746781,28.073,1.589
235.574875,28.212,1.746
213.606593,10.039,1.052
214.542299,10.522,0.868
214.153542,11.261,2.179
215.266373,12.306,1.123
212.959582,11.402,1.956
213.584398,11.98,1.614
213.69343,12.031,1.161
216.303857,12.608,1.766
216.690975,12.979,1.895
217.086534,13.417,1.508
215.570524,13.492,1.306
216.884368,13.651,1.064
217.064889,13.918,1.224
216.926528,14.611,0.969
216.087837,14.223,2.0
215.601815,15.955,1.742
217.037924,16.285,2.085
216.463494,16.402,0.879
209.844978,13.486,2.05
210.941056,14.213,1.016
212.674147,14.152,1.772
211.618647,14.615,1.238
212.152083,15.494,2.115
209.500066,14.045,1.297
210.241992,14.24,1.153
210.760418,14.423,1.125
210.187916,14.547,1.32
210.094323,15.424,2.175
211.22583,16.104,1.972
213.508622,15.076,1.516
214.146547,15.542,1.719
213.294872,15.645,1.884
213.130484,16.09,1.039
212.235675,16.088,1.662
212.947053,17.62,1.379
212.00518,17.516,1.546
215.103839,18.17,1.265
214.233657,18.792,2.195
213.705788,19.321,1.447
219.316152,15.32,0.916
220.585039,15.84,1.882
221.692384,16.817,1.05
220.75138,18.182,1.25
218.386712,16.576,1.522
217.740126,16.703,1.919
218.599899,17.09,1.621
217.900413,17.292,1.065
222.740005,18.609,1.964
222.94069,18.75,1.466
224.378178,19.239,0.855
222.715072,19.267,1.015
223.660333,19.961,2.086
222.938141,21.088,1.86
222.8875,21.183,1.195
216.071652,17.92,0.988
215.216403,20.4,1.849
215.713355,21.065,2.09
219.213232,19.92,1.689
220.102093,20.341,1.454
219.638104,20.748,0.823
219.377325,21.329,1.1
220.41728,22.38,2.045
218.599925,21.832,1.815
217.447119,21.615,0.879
217.97604,22.415,0.978
219.933247,23.631,0.949
218.9631,23.731,1.572
208.250735,15.494,1.92
208.976828,16.441,0.937
209.665719,17.196,1.08
206.926589,17.88,1.799
209.272314,18.302,1.825
210.826907,18.129,0.887
210.421816,18.193,1.652
209.981094,19.709,1.215
210.917303,20.707,2.171
210.797985,20.703,1.717
210.491201,20.729,1.944
204.282229,18.035,2.05
206.759918,19.298,1.105
207.687166,19.805,1.391
205.306064,19.734,1.174
205.718066,21.004,2.045
204.736654,20.356,1.571
205.38922,21.883,1.799
207.697352,20.517,1.562
208.258341,21.106,0.953
209.731174,22.15,1.407
210.163103,22.193,1.992
206.501657,21.732,0.836
205.836087,21.713,1.581
207.11106,22.946,1.371
206.620857,22.626,1.862
208.169722,23.308,1.133
213.862227,21.401,0.884
214.08883,21.421,1.035
214.998751,21.075,1.79
215.267758,21.241,1.838
216.020776,21.77,1.3
215.37801,22.36,1.122
212.007844,21.637,1.074
212.264729,21.84,1.273
212.959808,22.51,1.531
212.008552,22.43,1.255
214.190832,22.634,1.389
213.31733,23.726,1.712
216.946614,23.088,2.17
216.862053,23.64,0.98
216.253011,23.798,1.645
217.37836,24.211,1.893
215.903425,24.837,1.021
216.111687,25.191,1.299
217.185028,25.435,1.305
216.229813,26.777,1.63
211.21562,22.526,1.826
212.304604,24.067,1.559
212.798287,24.205,2.119
212.30997,25.099,1.308
212.199066,25.613,1.939
209.46172,23.869,1.734
210.004226,25.496,0.807
210.457051,26.19,1.433
213.533871,25.536,1.107
213.991067,26.749,1.159
215.221801,27.024,2.122
212.997525,28.524,1.131
212.517823,28.703,1.886
212.694865,28.694,1.273
213.038689,28.795,1.325
213.674546,29.465,0.949
225.534779,20.545,0.944
225.5785,21.232,1.411
224.094457,20.899,0.884
225.14692,21.211,1.502
226.822915,21.816,1.45
223.0613,21.263,1.627
223.389565,23.044,1.96
224.221777,23.586,1.628
227.588479,22.397,1.966
227.144789,22.714,1.189
228.046579,24.398,0.979
227.973908,24.471,1.22
229.219637,23.51,0.988
226.804587,24.752,1.097
225.901432,24.545,0.819
227.928738,25.383,0.838
227.17489,26.176,1.598
227.968232,26.89,1.511
222.279831,22.433,1.234
222.628445,24.923,1.498
221.646201,24.551,1.361
219.74311,24.573,1.397
219.979125,24.569,1.26
221.353233,25.903,1.894
221.615611,26.086,1.476
225.126291,25.571,1.597
225.789181,25.666,1.342
225.267683,25.952,1.096
225.666612,26.317,0.97
224.181851,25.657,2.143
225.6193,27.152,1.346
223.196343,26.462,1.69
224.437544,27.557,1.149
223.708394,27.487,1.887
232.226085,27.563,1.766
232.350648,28.113,1.094
229.69826,26.561,1.375
229.155279,27.31,1.872
230.456248,28.155,1.995
229.949816,28.56,1.874
233.238087,28.187,0.931
234.323727,29.061,1.251
233.48478,29.126,2.094
235.340002,30.386,1.03
232.560717,30.288,1.584
231.46608,30.086,1.723
233.130172,31.754,1.401
233.67091,31.987,1.6
228.957645,30.255,1.296
227.562299,29.895,1.647
225.652927,29.563,1.938
225.905883,29.552,2.175
225.972246,30.109,0.907
227.47219,31.194,1.041
230.96229,30.343,1.169
230.643461,31.343,1.384
229.651671,31.053,0.908
229.787242,32.326,0.826
228.50376,32.711,2.016
229.042058,33.246,1.873
219.405143,25.047,1.684
218.182401,25.994,1.474
220.67624,26.256,1.541
220.772449,26.359,1.266
221.201345,27.074,2.193
221.195612,27.504,0.859
217.630871,26.414,0.84
218.48955,28.003,1.809
217.648169,27.724,1.98
222.985021,28.173,1.115
222.854924,28.397,1.871
222.430988,29.185,1.025
223.222234,29.461,1.545
222.833162,29.432,1.652
222.500648,30.067,2.094
222.480855,30.232,1.321
220.389756,30.521,1.772
222.209899,31.389,2.192
221.368522,31.496,1.357
222.515302,31.867,1.238
222.46103,32.352,1.813
221.708917,32.084,0.907
217.67205,28.662,1.684
216.103329,28.708,1.055
215.727807,28.661,1.723
216.479617,28.984,2.069
218.869838,30.007,1.521
216.947389,29.68,1.345
217.266332,30.647,2.137
216.381525,30.94,1.498
215.74437,30.826,0.852
216.249817,32.074,1.16
219.876707,31.004,1.083
220.367621,32.494,1.237
220.019324,32.482,1.591
221.119795,33.574,2.095
218.331541,32.251,1.128
217.645843,32.507,1.956
219.055882,34.203,2.078
219.542776,35.144,1.307
225.744672,31.335,1.31
225.515778,31.294,1.801
226.03356,31.922,1.422
225.83712,31.971,1.774
227.137518,33.313,1.22
226.24488,33.047,2.115
223.600244,33.837,1.93
227.675679,33.329,1.579
227.527885,34.623,1.347
228.749366,36.59,1.577
226.14805,35.595,1.114
228.341605,36.568,1.733
227.59355,36.514,0.98
228.01647,36.982,1.872
223.307856,34.339,1.671
221.123794,34.217,0.847
223.915301,35.731,2.181
222.58675,35.299,2.17
223.033661,35.496,1.094
221.204969,35.24,1.292
221.589405,36.315,0.968
222.769899,37.309,1.889
221.364571,36.893,1.549
224.283771,37.081,1.797
225.35948,37.676,1.349
226.408427,38.533,1.516
223.76956,37.531,1.194
224.001804,39.1,0.896
223.513883,38.718,0.897
223.696045,38.878,1.015
226.25721,40.132,1.065
224.847478,40.601,1.658
247.873109,19.959,1.482
247.760765,20.254,1.382
249.514348,21.826,1.482
247.933016,21.757,0.891
245.512029,22.052,1.553
246.383076,22.71,2.183
245.91421,23.004,2.022
247.544342,22.775,1.514
248.347188,22.824,1.107
250.978623,23.783,1.305
250.634613,23.635,1.654
251.710281,24.974,1.342
251.652089,25.612,1.891
248.755536,24.442,1.821
248.473469,25.486,1.041
251.153766,25.513,1.259
249.551456,25.757,2.107
249.829129,25.796,1.699
250.839757,26.452,0.834
245.631998,23.309,1.415
246.731521,24.343,1.76
245.433137,24.218,0.972
244.455607,26.402,1.813
244.255046,26.743,0.812
246.842742,26.579,2.115
248.431721,26.975,1.335
246.133788,26.051,1.483
246.261145,26.897,1.7
246.102572,28.125,0.967
247.327054,28.565,0.894
246.870681,29.059,2.01
247.984985,29.329,1.445
247.508483,29.672,1.087
253.602807,25.593,0.964
253.787566,27.095,1.538
254.01778,28.119,1.742
252.109213,27.169,1.498
251.686812,27.612,2.166
252.901489,29.107,2.194
256.052775,28.036,1.302
256.885151,28.398,1.932
257.101465,29.713,1.112
255.016626,30.063,1.521
251.011491,28.972,1.561
249.941262,28.568,1.177
250.277954,28.841,1.886
252.439245,29.696,0.885
251.328907,31.657,1.348
249.678687,31.128,1.563
249.583077,31.453,2.101
250.399455,31.675,1.766
253.67426,30.69,1.019
254.102278,31.768,1.783
252.665042,31.365,1.402
253.568513,33.026,0.844
252.667513,32.9,1.89
252.502243,33.101,1.533
251.58364,32.807,2.177
254.306571,34.263,1.264
241.556551,26.7,1.004
243.351758,27.246,1.63
242.969622,27.858,2.05
241.305756,27.3,1.122
240.119726,27.193,1.974
241.813793,27.885,1.381
241.960022,28.703,0.859
242.595086,28.815,1.468
244.506491,28.269,1.173
243.73557,28.333,1.792
244.999591,30.156,1.775
245.093411,30.494,2.094
243.819255,31.199,1.64
244.883355,31.696,1.35
244.374117,31.85,1.219
244.715492,32.41,2.175
244.899227,32.366,1.474
238.750942,27.642,1.664
238.293369,28.576,1.253
238.149615,28.991,2.168
240.484013,29.423,1.654
237.658623,29.8,1.543
238.189712,29.551,1.274
238.655543,30.365,1.702
237.166533,29.896,1.744
239.288938,31.217,0.937
241.542539,32.102,1.602
244.340684,32.911,0.88
244.231492,33.134,0.9
239.47772,32.403,1.834
241.959024,34.918,1.779
248.976481,32.461,0.967
247.086073,33.971,1.826
250.357921,33.923,1.654
250.694862,34.488,1.131
249.74896,34.113,1.201
251.298242,34.799,1.925
252.083777,35.718,2.045
250.790771,35.312,1.677
250.764532,35.849,0.977
251.125309,36.283,2.141
251.255184,36.524,1.292
249.623681,36.364,1.619
248.203177,35.414,0.818
244.213628,33.52,1.115
244.59164,35.173,1.079
244.672028,35.323,1.619
246.775985,35.863,1.471
244.502567,35.721,0.94
244.239553,35.653,2.089
245.735861,37.435,1.456
248.373792,37.283,1.851
248.905608,39.628,1.334
245.9522,37.408,1.643
245.709217,37.881,1.412
246.866001,38.052,1.136
247.096365,38.444,2.043
248.166599,40.809,0.839
247.986213,41.183,1.0
258.159694,31.754,0.891
260.179746,32.134,1.259
259.620808,32.659,2.101
260.414364,33.654,1.205
260.197249,33.58,1.155
257.179396,31.73,1.77
257.68593,31.988,0.927
257.976161,32.905,1.735
258.715675,33.357,1.522
259.356717,33.528,1.445
258.37829,33.254,1.264
258.798936,35.148,1.527
260.809265,34.436,1.395
262.811305,35.072,1.476
262.618542,35.44,1.662
261.431216,36.397,1.942
256.670536,33.904,1.792
255.94734,35.215,1.6
257.046539,35.611,1.219
257.297395,36.34,0.854
253.87357,35.212,1.38
254.58919,37.228,1.472
256.556407,37.955,1.358
256.188991,38.128,1.363
259.634992,37.691,0.987
258.02985,36.812,1.065
258.248396,37.042,1.819
260.635445,38.707,1.477
260.381403,39.904,1.165
257.903231,37.998,1.849
257.133241,39.078,1.304
258.754652,38.92,1.843
258.841235,40.045,1.978
257.746834,40.545,1.483
264.220359,36.236,1.469
264.321893,37.464,1.258
265.496005,37.735,1.762
265.144641,38.412,1.814
263.189095,37.456,1.938
263.956066,39.021,1.752
262.372977,38.68,0.926
263.458499,39.73,1.123
266.997722,40.737,1.711
266.585413,41.12,1.53
266.765876,41.313,1.028
266.099075,40.722,1.34
266.810745,42.011,1.869
260.653637,40.668,0.829
262.415591,41.08,1.536
262.684908,41.291,1.885
263.223345,41.918,1.342
263.169045,42.306,1.258
260.975781,42.632,0.968
262.450502,43.309,1.596
266.514708,43.161,0.803
264.834728,42.949,1.441
268.446126,44.161,1.949
268.984553,45.804,1.015
265.390086,45.397,1.503
266.698528,45.901,1.612
266.608711,45.944,2.088
267.6146,46.659,1.681
269.591763,47.757,0.854
254.668981,37.813,0.973
253.889674,38.889,1.14
251.025306,38.401,1.235
256.070068,38.959,1.683
256.694501,39.968,1.752
255.225618,39.613,1.245
254.81219,40.305,1.918
255.25137,41.764,1.06
254.67818,41.691,1.916
254.950199,43.003,1.429
256.318285,42.835,1.163
257.330401,42.997,2.121
257.684124,44.187,1.316
249.051137,40.355,0.811
252.37185,41.46,1.655
249.282161,41.12,0.954
248.632222,40.934,1.563
248.602977,41.656,1.066
248.723645,41.978,2.175
251.007273,42.801,0.92
252.313509,43.844,0.986
252.215807,43.931,1.772
251.768907,44.025,1.437
251.080218,43.903,1.318
256.449803,44.28,1.723
257.026012,44.668,1.9
257.049762,45.275,1.074
257.281423,46.249,0.857
253.853788,45.122,1.676
253.080765,45.195,2.181
254.194487,45.495,2.092
255.27992,45.177,1.959
260.399815,42.931,1.794
260.163243,43.702,1.866
261.950104,44.217,1.991
261.677581,44.545,1.448
262.208236,45.426,1.374
263.721523,45.738,1.149
261.805854,45.997,1.104
263.76492,46.632,1.549
268.676876,48.888,1.358
268.619197,50.558,1.02
259.267983,46.038,1.927
261.504564,47.617,1.422
262.422259,47.821,1.244
262.815537,48.609,1.349
257.807934,46.947,1.586
257.610436,47.434,1.444
261.383809,50.269,1.225
265.451111,49.578,1.466
266.299822,50.805,2.009
263.575039,50.688,1.751
267.007312,51.709,2.086
269.209691,52.539,1.468
268.75854,53.209,1.031
236.619536,31.162,1.435
236.723167,31.283,1.139
236.678218,32.387,0.839
237.31607,33.304,1.835
235.41649,32.619,1.331
234.419632,33.403,2.06
238.273561,34.372,1.236
239.304693,34.725,0.878
238.682279,35.201,1.054
240.616062,35.495,1.229
240.408521,35.541,1.488
237.11634,36.564,1.99
239.469419,37.301,2.086
233.492468,32.901,1.143
232.950491,33.295,1.529
235.579958,35.61,1.851
232.211999,34.584,0.945
232.791523,35.94,2.042
232.544743,36.193,1.894
231.641563,36.266,1.286
231.903907,36.339,0.876
233.56202,35.867,1.546
232.591206,37.102,0.882
236.14326,35.893,1.397
236.869161,38.009,1.762
238.805566,38.708,2.017
235.596878,39.161,1.072
234.949332,39.306,1.353
236.204913,39.548,2.15
241.450788,37.468,1.359
244.129243,39.247,1.785
242.489019,38.344,1.587
242.532014,38.404,1.545
242.821878,39.224,1.428
240.251366,38.223,1.341
240.75975,38.804,1.461
240.0242,38.404,1.78
242.111513,40.89,1.346
241.650241,41.338,1.432
245.128235,39.195,1.072
244.452614,40.62,0.979
246.27386,40.642,1.897
245.768485,42.581,1.172
242.687052,41.019,1.151
244.128597,41.572,1.655
244.84305,43.957,1.817
239.015615,39.213,1.858
238.54424,40.097,0.875
239.07078,40.246,2.126
240.854078,40.703,1.314
241.466245,41.888,0.884
239.93967,41.415,1.261
240.773205,42.702,1.761
237.195563,41.781,1.525
239.287018,42.647,1.829
240.954331,43.411,1.006
239.20038,43.227,1.193
239.516104,44.52,1.351
242.329384,42.548,1.461
241.119593,43.45,2.154
243.327295,44.723,2.069
245.397595,45.938,1.29
241.28627,44.007,2.189
241.824421,44.439,1.319
243.615595,45.569,1.687
244.231935,46.695,1.956
243.358102,46.614,1.055
243.388152,47.379,0.864
230.503304,36.739,2.133
231.367822,36.846,1.448
231.841673,38.051,0.87
232.567288,38.983,1.886
231.900115,39.23,0.917
228.269967,38.364,1.167
228.653938,38.604,1.469
230.290315,39.11,2.036
231.380471,40.153,1.511
229.653349,39.882,1.225
229.664236,40.535,1.204
234.657966,40.233,1.111
233.786973,40.196,1.52
232.678736,39.631,2.185
233.068415,39.937,1.277
232.232104,40.327,1.379
233.82304,41.095,1.281
235.291578,40.918,1.874
234.325437,41.116,1.031
232.706265,41.125,1.664
233.053842,42.109,2.156
233.611538,42.931,1.36
234.334447,43.662,1.49
233.889776,44.092,1.626
229.464143,40.635,1.842
228.610127,41.028,2.165
226.39721,41.832,2.014
229.261602,43.401,1.604
228.343745,43.458,1.048
228.095154,43.569,1.432
228.297997,44.468,1.298
231.379124,42.769,0.856
232.280636,43.971,1.778
233.214748,44.334,0.848
233.669675,45.032,2.104
229.528345,46.052,1.179
231.53243,45.905,0.951
236.005143,42.921,1.784
237.994137,44.232,1.356
239.363025,45.637,2.025
237.065643,44.956,1.937
239.343112,45.945,0.937
234.732599,44.167,1.449
235.624527,44.527,1.86
236.435196,46.45,1.256
239.761717,45.874,1.498
239.500711,46.956,1.73
242.442041,46.871,1.638
243.847185,48.04,1.373
243.953329,48.085,2.001
242.031468,47.743,1.175
239.341285,47.55,1.077
240.073782,48.044,0.828
240.418934,48.615,1.673
235.399983,47.098,1.545
236.39312,47.596,1.32
233.738721,47.54,1.118
233.606687,48.064,1.937
231.613112,48.237,1.446
232.422356,48.618,2.093
235.836736,49.431,1.743
235.620839,49.499,0.989
236.227041,49.642,2.134
239.317764,50.498,0.809
241.00935,51.115,1.688
239.988378,50.97,1.039
236.465891,50.682,1.286
238.642965,51.488,1.566
236.225146,50.822,1.412
235.755773,51.164,1.49
248.168171,43.158,1.833
249.465273,44.888,1.299
251.170913,45.775,1.924
247.077361,45.68,1.376
250.514906,47.756,1.664
251.942119,46.234,0.971
252.42033,46.667,1.358
253.136324,47.108,0.887
256.830679,48.434,1.347
254.51651,47.706,1.941
255.323808,48.209,1.645
253.141292,48.072,1.496
251.121908,48.075,1.128
255.421968,49.902,1.189
247.695724,46.727,1.538
246.932618,48.589,2.14
244.54587,47.801,1.505
245.814489,48.58,1.638
247.949605,48.785,0.88
248.04237,49.963,1.559
246.902712,49.609,1.215
251.370597,50.504,1.222
254.477007,50.784,1.232
255.278217,51.702,1.67
254.469555,51.819,1.872
249.859816,51.087,1.07
252.71179,51.602,1.457
258.847514,50.833,1.117
259.854278,50.457,2.057
259.895703,51.384,1.482
259.104274,51.414,1.738
257.905009,51.53,1.244
258.348884,52.356,2.063
258.578564,52.415,2.057
259.946012,52.162,0.862
264.126273,51.97,2.155
266.444955,53.007,1.05
268.378965,53.672,1.2
269.390199,54.176,0.912
263.133709,52.973,0.941
268.83688,56.895,0.986
269.302366,57.034,1.659
257.280829,52.543,0.97
257.869976,52.782,1.351
257.139407,52.994,0.953
261.144371,54.605,1.551
256.354254,53.438,1.182
261.751387,56.207,1.317
264.914519,56.069,2.034
262.628435,55.903,0.995
266.55232,56.449,2.042
266.735213,57.573,1.738
264.323325,56.861,1.54
268.667114,58.826,1.427
266.394918,59.04,1.974
244.319239,48.56,1.024
243.84909,49.889,1.437
244.75603,50.918,1.257
243.758592,51.921,1.831
246.099946,53.311,0.946
