glon,glat,dist_mpc,theta_D
284.09,74.41,15.9,50.6096328832707
345.81,-39.39,184.4,74.81395547435758
312.07,30.45,194.7,8.294817045426013
58.99,88.14,96.5,65.76780176300801
30.43,44.46,148.7,69.66264651895892
269.6,26.41,54.3,31.828256865899274
302.2,21.74,40.5,4.151027285982294
236.82,-54.8,18.7,98.69410821081897
63.86,43.84,124.3,91.30624431948083
209.07,-36.7,146.9,109.12562672618107
145.77,66.08,16.6,87.55101071600964
103.7,-33.26,125.2,159.6950244817513
150.36,-13.41,67.4,153.46411801397971
304.69,45.18,192.2,20.18155297214821
125.82,-63.94,182.4,141.05628302578677
324.51,-11.47,219.3,41.13426180713744
313.24,34.55,144.0,11.920536167748915
24.82,-76.17,113.8,111.84370992109412
136.65,-25.08,66.8,169.4479203016137
93.62,-43.32,169.1,148.52538977497062
195.75,-17.62,114.1,114.37522493099294
142.77,-63.0,69.4,140.20863196748988
230.27,-24.92,168.8,87.799402019083
316.4,28.45,160.3,10.745002594081745
127.31,-30.01,60.7,174.58768758225034
170.03,-44.92,92.9,138.76107164054451
12.74,49.67,142.7,57.01862253049581
319.41,26.74,55.9,13.074828767732992
234.22,73.06,88.4,60.57971196317121
303.22,47.65,195.4,22.693792070049103
252.2,-25.99,173.0,72.1009190077347
293.91,-70.57,102.9,95.8941913835535
213.94,-34.91,152.9,104.80966991303224
317.11,30.81,62.0,12.16602990843716
345.63,-34.33,201.9,70.7513427467812
240.3,-22.63,150.9,78.76209712729535
130.71,-28.8,64.1,173.64792267711923
251.61,52.92,170.5,48.46786340740004
34.65,-35.25,120.6,103.85059575645195
87.34,-48.45,46.7,142.38805835720146
107.66,74.49,4.9,79.86956419242233
242.8,42.87,184.3,53.3223752722246
259.72,-17.89,180.3,61.50658647366332
307.91,17.07,3.9,8.381215919610625
313.55,26.49,218.0,7.8424200899307595
264.01,-24.99,213.2,63.79916524559258
230.44,-25.88,154.2,88.13071741768927
282.33,67.21,33.0,44.47434156527969
142.14,40.93,3.7,112.17532984094318
19.13,59.95,190.2,60.66478556604546
229.17,-63.77,105.4,106.32237954150078
332.38,-23.26,57.2,55.07699163408821
312.53,35.05,187.6,11.969663069266577
137.01,-28.21,139.2,168.79831193055662
274.71,-27.48,99.6,60.048139750107005
272.43,19.13,36.7,30.672594301195534
299.09,51.76,221.3,27.136959456888988
254.78,-30.46,218.0,73.40422914771901
8.78,51.35,200.7,54.53932963383735
135.66,-62.0,179.3,142.30646711681678
218.45,-52.38,23.0,107.54495823364299
265.27,-22.39,206.7,61.0867584455302
94.77,-40.89,176.4,150.29842445427886
21.19,-40.13,160.1,96.14118532858674
187.11,69.46,157.0,75.69969231526686
6.23,49.1,152.0,52.76855247251471
49.12,35.8,124.9,86.10719412117274
27.83,75.97,118.0,64.05968119989873
283.68,69.66,23.7,46.39114074432587
284.13,12.18,230.5,23.516006299680576
222.97,-33.74,209.7,97.48317464550686
96.23,-50.43,173.1,146.28857411747893
217.54,-33.52,130.9,101.5309135467244
195.8,-58.42,112.8,121.0723679242911
140.96,-17.18,78.1,163.2009916017574
303.99,49.38,63.0,24.392721252234146
303.44,53.62,59.6,28.64382328927283
319.55,32.99,205.3,15.002961855286543
245.88,-26.15,200.6,76.62721733332354
357.78,-39.84,196.3,81.36246791485021
156.24,-69.06,166.0,132.19426615466978
246.47,-30.31,163.3,78.74482571761745
9.67,50.1,154.8,55.044643351074626
253.76,31.0,141.0,45.24929106302487
320.56,-65.19,140.3,90.98862757367702
314.2,23.33,139.1,8.556370495326181
227.7,-30.39,137.0,92.40274301597577
252.5,28.85,135.3,46.59354424820102
150.47,-34.41,130.8,156.04624045315032
240.33,-26.56,128.4,80.91734177380839
161.84,-37.2,119.0,146.43525363193342
325.94,31.65,97.0,19.555496466360857
349.76,65.52,80.2,49.360865967144726
280.63,11.16,79.7,26.906990119289357
202.57,28.61,69.2,88.21733893947157
300.19,52.82,13.3,28.055886292680153
149.82,-75.48,223.5,127.977991822254
241.86,-46.13,216.0,91.19706971571688
308.87,29.09,201.3,5.347775447636892
325.63,-17.4,179.3,46.921641862048325
356.24,-75.69,178.1,105.62033602214528
267.48,-29.45,171.2,65.28152228870978
313.34,37.28,163.6,14.188702179842775
17.29,-39.79,141.3,93.3606153797343
230.23,-24.54,137.8,87.6472870525778
220.5,66.26,126.5,65.04994529835798
21.06,19.45,119.6,69.72050193468822
2.02,-29.4,78.4,77.15323753108288
350.98,-32.74,35.5,72.47128671630627
0.25,49.17,27.4,48.8880653674931
286.23,42.19,22.8,23.129702185558894
189.58,82.96,15.2,68.1763341064325
233.45,57.65,11.8,59.30264033470167
99.54,29.95,360.4,119.86968586068957
214.51,-58.39,285.2,111.3447706398914
228.76,21.61,155.0,69.14139244844709
24.62,-40.24,152.4,98.53173801943474
94.25,-38.81,140.9,150.66878170525317
231.23,52.53,126.2,60.69103821017166
106.69,-33.72,115.3,161.85566815939313
175.74,-51.18,98.7,133.53626231965177
272.61,48.59,86.8,34.596829337059084
113.91,-40.05,74.1,162.31563903236992
199.48,-24.96,70.4,113.46535471336857
83.76,71.57,35.7,79.31040079091984
314.6,31.91,4.5,10.898862876298772
123.29,-84.49,243.2,120.50742272398195
48.58,-41.0,238.7,115.9678957010024
68.82,-46.09,222.0,130.86723819417494
347.67,-21.53,215.7,62.30348268112565
240.89,-30.58,191.7,82.77925376686893
168.89,-61.98,181.4,132.83719576378218
291.08,9.82,177.6,20.1353591815296
317.61,-61.47,174.2,87.06920246939777
191.19,-55.55,145.2,123.74334029295419
234.72,-29.05,144.8,86.43814956331293
117.66,-55.91,141.4,148.6288039241928
253.31,23.24,140.6,46.921034892142764
319.43,41.36,138.3,20.27323698892613
182.83,-57.23,128.2,128.0643836193085
66.46,49.94,127.9,88.90909464644136
198.28,-30.69,127.6,116.09893727116808
8.79,35.03,124.5,55.224892478473656
8.58,58.97,119.3,55.24868786945669
251.24,30.98,117.1,47.399043891358495
323.37,32.81,97.1,17.841552593124437
81.82,-41.28,80.0,140.84770374289812
166.73,23.29,75.2,117.01074770570241
351.61,-41.76,73.7,79.45821477291548
305.36,30.66,67.7,5.668933089674084
124.58,-32.11,66.4,172.88045894260136
342.33,-32.15,57.5,67.34023482320087
302.84,36.35,40.5,11.50001855547131
265.45,-43.45,17.1,77.48551059474491
43.39,60.62,250.3,72.3388807895141
110.97,32.15,240.4,121.30215025235667
345.79,-31.34,223.5,68.51559371199914
192.65,33.19,215.8,93.27126242891197
22.75,60.47,200.3,62.451517448771725
232.5,-21.98,189.6,84.57491938646204
131.78,-60.37,181.0,144.3210146754333
338.82,-47.38,155.8,78.5296899561839
280.19,-28.26,155.7,58.36496626187686
235.26,-31.07,153.1,87.09350177741041
322.15,40.67,153.0,21.20880276035777
238.37,-26.81,148.1,82.51632111577148
114.52,31.24,145.5,122.87369363330086
225.51,-31.23,136.2,94.45956473085789
17.39,23.99,130.6,65.01807609271182
76.15,-55.95,125.2,133.16352453002747
207.26,-40.62,121.3,111.57937070372671
265.06,44.96,112.4,37.78401024909087
313.39,45.48,108.0,21.56619639624538
306.01,-61.09,102.6,86.09390934377902
168.53,22.83,89.0,116.20821855285233
200.39,-33.0,62.2,114.95454377036556
136.42,-52.52,34.4,151.15542003001397
310.99,46.2,29.1,21.73618872209365
291.73,31.82,26.4,13.501970984901385
232.39,66.58,23.1,60.299629430690445
157.08,77.59,3.6,75.65778109106049
49.65,46.3,206.9,81.5366559061643
138.29,-63.1,197.2,140.89157012405985
46.82,-41.93,195.6,114.86719715103247
229.09,20.36,191.8,69.27464039989549
309.36,-29.43,186.0,54.59074632720984
306.25,25.13,183.3,1.1397186496259517
158.59,-59.36,179.4,138.45023109732568
164.11,-73.01,179.2,127.56511606795475
147.13,-20.5,174.1,159.12807684274668
328.97,47.61,170.6,29.489176436244787
262.29,-42.59,171.0,78.21277413352992
263.27,-44.89,166.8,79.57665313577853
324.02,-21.51,161.6,50.04437833373798
220.31,-34.26,157.9,99.70594862968909
262.96,-15.68,152.5,57.73558320136388
240.37,58.57,145.7,55.729403803209266
34.32,51.54,143.7,70.26818447443736
142.83,-21.78,139.2,163.3350192517608
161.45,26.14,135.0,117.92124558911627
228.13,52.74,133.4,62.54798055279762
56.41,45.73,126.8,85.88945263651358
48.31,46.02,126.5,80.83833640064492
193.83,-61.32,110.9,121.8600375060279
39.86,46.52,105.7,75.29614103339071
350.12,-41.37,104.5,78.42733624154897
314.24,41.13,100.2,17.86610678765382
313.85,42.53,100.1,18.98426828248935
183.87,-50.0,94.9,128.67623789216043
316.42,49.76,90.6,26.300948543735924
262.53,40.66,70.5,38.51016899605865
355.84,-32.97,64.6,75.51275397714767
313.11,28.21,47.6,7.92737809881455
281.46,21.25,35.5,21.941569453535845
267.69,73.61,34.1,52.49367635534243
264.67,16.27,30.8,38.589168161834564
310.7,35.2,25.0,11.32360796104977
214.46,55.05,24.5,70.03129371833859
287.09,32.27,23.8,17.287529584362748
138.78,69.65,7.2,84.82832758175341
257.26,-26.88,315.0,69.35597282790998
344.75,-47.38,246.8,80.74417209292231
306.74,18.42,227.7,6.775356649049786
173.49,-59.06,225.3,132.16776945352464
329.44,-9.81,217.6,42.18099657318666
263.93,-18.1,214.9,58.79085888529353
239.83,-45.62,209.4,92.05547252904978
219.22,-29.98,198.0,98.8247602489494
320.32,-17.53,191.7,45.072317965987054
341.73,30.43,190.5,32.821527320526656
77.71,42.33,188.1,99.78034033972855
322.29,24.63,177.7,15.687326970034198
20.9,-26.11,173.5,89.29718361695402
223.52,-33.8,171.7,97.09537236112745
136.98,-53.57,160.7,150.0557517530935
328.27,44.84,159.5,27.33122215959478
310.04,-34.82,157.4,60.0104854885322
248.3,41.89,157.0,49.26218857612695
130.6,-47.05,156.1,157.50447390333025
325.83,44.14,150.4,25.54994652098165
262.27,-46.93,145.2,81.61089421962129
246.41,-18.39,144.7,71.64645116224754
275.41,-28.96,144.5,60.99210107424724
22.17,-25.32,137.6,89.93253635458454
248.25,-10.97,137.3,65.95713403674992
245.05,-21.15,131.4,74.28917032954779
24.5,-75.98,122.7,111.71665739098441
171.97,-30.69,117.0,138.37685507352467
356.52,-36.2,114.5,78.14250224852866
216.37,-34.55,110.9,102.81656795177561
355.76,-42.13,108.7,81.85509071274312
326.52,21.12,108.3,20.153534970089254
75.46,-34.5,107.0,136.39050113849962
57.22,-42.36,104.6,122.54819215553911
143.24,-11.1,101.2,157.82416137130386
242.15,39.17,93.8,54.015630963867686
315.01,41.13,89.9,18.150385147908448
320.98,52.85,88.4,30.34217756221548
219.72,89.13,85.2,64.93147445742558
257.65,-83.28,82.8,110.35656783900244
317.34,-25.21,77.5,51.6085240519941
128.45,-67.55,76.1,137.39688247444795
112.8,-28.89,72.5,168.45713275051565
144.19,-47.52,68.2,152.8400980479604
103.36,-27.3,64.8,160.46406985403036
148.87,-24.79,60.8,158.37512070551514
140.09,-22.63,53.2,166.00088347635423
191.77,-42.54,51.2,123.30660420016184
265.11,18.82,34.0,37.38756498879765
110.0,55.46,27.4,98.52417971491946
353.44,52.62,26.5,45.5055165647527
211.02,-54.42,23.8,112.35337020088134
171.25,-52.63,20.3,135.7469300750347
181.71,-58.34,18.4,128.3763580014098
100.23,79.35,16.9,74.73674006325386
335.93,68.75,16.6,47.49514339354853
301.49,61.64,16.2,36.71746254562807
292.42,65.07,15.7,40.87952604944062
298.35,65.93,14.7,41.14702193385791
331.85,-25.42,9.6,56.70792213274147
101.99,59.7,7.3,93.2096497190069
41.91,47.25,292.7,76.33037592303509
344.13,-32.8,256.8,68.77606073798674
340.93,-33.31,253.2,67.59111113703347
219.77,-31.61,243.9,99.05168287784309
266.74,-27.44,234.9,64.09844326769453
132.47,-79.2,231.4,125.69824811403817
293.21,-37.56,230.4,63.53426591027182
317.97,17.83,225.1,14.030035122229773
264.52,47.78,224.9,39.0843303572074
331.23,-70.66,224.7,97.44253997825184
115.46,-72.2,223.8,132.50151363390714
239.18,24.74,222.0,59.06793185304095
305.41,-68.89,219.4,93.89047993874745
303.64,33.91,217.6,8.988042010895608
224.61,-34.25,216.2,96.4761025369712
244.56,41.53,208.2,52.05434502521289
327.03,-12.44,207.8,43.166206764983755
307.0,43.54,205.9,18.611981211042448
347.81,-59.83,204.5,91.78928285652708
307.9,41.96,204.4,17.128709404559235
287.46,24.19,203.8,15.958122019452524
256.53,-25.34,201.6,68.76453675426782
307.28,46.17,196.6,21.248691517762634
328.09,-18.31,196.4,48.79732367616924
266.14,-47.18,194.3,80.23008629689083
209.07,-68.33,194.1,115.29793974782558
201.24,68.88,188.5,71.54526977408764
300.19,55.35,183.0,30.555153087583033
285.74,-27.32,180.8,55.51544378573701
251.81,-38.13,179.8,80.43268381891743
312.35,-21.87,179.5,47.410195672418595
4.25,-41.03,178.8,85.86335743096001
305.5,43.46,177.8,18.46453199450316
225.82,19.36,175.2,72.50548625951937
152.15,-77.41,175.2,126.03219498449388
255.79,-18.06,174.9,64.4122460172444
343.0,-40.31,168.9,74.26427615237309
291.45,43.53,168.4,21.58575979154733
228.79,19.98,161.1,69.66955613776378
227.39,21.64,157.9,70.32974571631875
224.82,-33.57,155.4,96.02119495416959
356.73,46.54,154.9,46.14189678372968
218.4,-34.15,153.6,101.1138865214737
346.85,-53.45,148.5,86.41465981992336
242.54,13.3,145.3,59.666564065237
313.7,-59.28,143.9,84.5866676420952
64.33,-73.82,143.9,121.9775299264498
25.09,-32.84,142.5,95.63173424279813
164.72,-58.64,141.4,136.3579608077579
278.04,-28.18,137.7,59.17062269665414
254.46,42.83,137.3,44.787385128688825
279.97,-30.11,135.3,60.10757549447896
206.26,-35.46,134.4,110.93732712484653
151.94,63.54,134.3,88.9489311144407
182.66,-48.22,133.0,129.65577630474897
197.65,-66.95,132.8,119.64978313401276
317.1,-25.19,125.5,51.53595601206209
189.22,-56.2,124.3,124.7825471865313
85.87,35.43,123.4,109.13875364219766
80.38,23.19,123.3,115.24897015212387
296.93,10.54,121.7,16.362464450389446
327.18,-13.12,121.1,43.829347914429455
225.94,-19.76,119.3,88.91172305968298
321.07,-40.55,115.8,67.2326909126642
295.48,-70.5,114.2,95.73987538891438
118.13,63.35,112.7,91.48270650463508
191.14,44.46,103.8,88.03170611171477
140.13,-62.6,103.5,141.06249549488265
274.58,49.33,96.6,33.913780140607265
104.99,-33.04,92.3,160.78788990380187
221.98,-26.52,83.8,95.17252517140079
270.88,-34.7,82.8,67.89736647278461
246.95,18.19,79.7,54.01593708620562
255.58,66.62,75.9,51.546985296075064
8.8,-27.21,72.6,80.64124191857204
319.01,32.66,72.0,14.446817199096296
146.79,-25.28,71.1,160.29386204145138
150.78,-53.47,68.8,145.62636045099674
201.3,-27.93,66.6,112.80508213692072
141.93,-35.53,61.2,162.02555801289293
81.55,-59.35,58.0,134.34672297635885
327.3,-11.27,57.9,42.28883857936954
199.01,-31.21,55.9,115.62750469309671
108.94,-64.16,53.1,139.461446775014
335.92,-26.53,53.1,59.54457471096804
273.65,-20.26,42.4,54.56628169894793
274.98,14.97,41.4,29.857929287616408
307.88,19.23,38.1,6.356299555367798
261.24,21.82,37.5,40.11415705576078
231.14,25.65,32.1,65.79185413217783
341.15,27.7,31.4,32.3922275353826
143.83,55.24,30.7,98.15588027553687
209.71,-50.28,28.7,112.23863870978846
140.54,-38.86,28.5,160.92388307667795
87.94,-39.12,27.1,145.8689703979025
349.04,58.3,24.8,45.41915482623186
151.05,-67.63,24.3,134.48332943386131
347.84,-65.62,23.9,96.35065978039073
312.09,40.9,21.1,16.96107190046962
309.52,55.48,19.5,30.65995144341839
306.03,64.59,19.1,39.59564903677807
241.39,-36.03,12.7,85.57303421053517
104.87,68.54,4.9,85.29647461616389
141.41,40.57,4.2,112.67710012684222
99.48,29.89,291.7,119.89987841061951
318.12,46.29,261.8,23.736400332795277
127.05,-73.22,251.8,131.7671348472956
2.89,-42.64,235.0,86.09479918738691
143.01,-76.08,231.2,128.13757961221305
131.99,-76.72,225.9,128.16714626907685
144.15,-77.79,224.4,126.45071744920476
144.93,-66.1,218.5,137.0184033918706
130.57,-45.56,215.3,158.95660939765108
345.92,-45.41,205.8,79.64174614952786
19.54,-22.84,205.4,86.64026673597324
238.13,-14.99,203.5,76.43257971443009
259.41,31.44,202.1,40.398879443467926
227.27,-21.44,201.1,88.57886752447713
144.92,-81.8,197.0,122.67200975436046
243.79,-26.2,195.9,78.16783520250542
8.86,58.07,195.9,55.26018362645242
205.31,-20.88,188.8,107.04696840662959
344.76,-28.05,187.9,65.40908832652718
50.03,-38.22,186.9,116.49465138416078
259.36,46.79,186.6,42.108668614279196
320.84,-23.3,186.2,50.6821167310771
239.82,-41.14,186.0,89.51470879537817
35.9,-44.84,185.6,107.9444500328981
312.97,32.7,182.8,10.38571666451089
267.62,-49.19,182.2,81.32662720630772
231.16,20.25,179.7,67.48479061644
287.35,15.1,175.0,19.279484573488023
138.83,-75.71,174.0,128.8115175325023
202.76,-40.65,172.0,114.90336002241062
200.55,-36.43,171.8,115.65356296414721
198.15,-43.33,170.4,118.75715957161283
298.27,10.86,167.1,15.513263018299936
323.8,38.7,165.8,20.962688646127248
22.77,-29.35,164.6,92.28084604757873
317.48,48.38,164.4,25.35527620731474
69.49,26.97,164.2,105.41010432548494
125.88,-49.82,164.2,155.1705880241762
282.38,10.6,163.9,25.8345644191758
269.05,-29.67,159.8,64.6407353321664
323.99,37.59,158.9,20.46769094381198
230.17,-34.24,155.4,92.39154921902937
226.23,-34.24,155.2,95.27170983865584
281.51,-24.38,154.0,54.36422535822411
190.67,-53.75,150.8,124.16707378544693
18.42,60.81,149.8,60.32504865478675
223.73,18.64,148.9,74.60808811523657
227.83,22.76,147.1,69.56882089031886
271.22,49.33,144.2,35.75973780724536
189.85,-60.9,144.0,123.82061268761268
30.02,-41.74,142.7,102.86494471412543
290.66,17.16,142.2,15.4910708262551
200.86,-50.91,142.2,117.88004062826975
329.66,38.87,138.3,24.97544255273135
200.76,-41.59,137.4,116.56867208097916
248.21,22.62,136.9,51.628708193907464
182.36,70.25,136.5,76.55122043394745
125.02,-35.93,135.8,169.06998648969358
312.42,47.11,136.1,22.883454646807902
316.62,19.18,135.2,12.230933181938124
268.02,48.89,134.6,37.39609608518012
50.45,78.46,134.0,68.54471477413855
143.66,-78.09,132.3,126.20867637697712
69.4,32.23,130.5,101.99031116525467
305.89,30.4,130.8,5.4571147825415265
299.92,45.49,130.8,20.89467007120676
66.12,-62.4,129.3,126.26621601409266
211.22,-39.9,127.9,108.4770990532786
317.4,30.22,125.0,12.154383093752493
139.53,-59.85,125.5,143.71581828743686
99.48,-27.17,124.5,157.01630476539705
78.86,-55.84,122.2,134.61337202129235
201.48,-22.8,121.1,111.04471393025948
308.16,25.37,120.6,2.8833698404014565
258.3,37.87,119.5,41.40109453467718
264.2,37.05,118.3,36.66004357913624
285.2,-26.56,118.1,54.986527698292534
240.61,-22.43,117.2,78.41295018773272
82.0,-53.96,117.5,137.0298353232607
112.21,-33.36,116.4,166.070332668067
236.76,-25.8,115.7,83.19111796523705
1.24,43.42,115.1,48.981643456361404
220.69,-31.26,114.6,98.19222073161626
184.45,-58.25,112.8,126.99776760068423
263.25,-31.76,110.6,69.36216551742056
205.02,-36.77,106.9,112.25930453657068
28.03,-46.51,104.0,103.35099670339459
285.04,-20.84,103.7,49.77542449993539
345.26,37.06,102.4,36.23411667293375
220.69,-32.42,102.3,98.66882107340564
313.69,48.14,99.9,24.13220228583459
298.44,-55.44,99.7,80.63552172360735
256.16,24.14,99.6,44.178526110475325
95.44,-24.44,98.4,153.1963505694678
25.84,-41.57,98.1,99.93213964434186
96.92,-32.82,98.3,154.29624798603854
278.67,12.9,96.9,27.608998343440422
334.74,74.75,96.2,52.068066121890475
251.81,63.42,94.7,51.61610696636835
117.22,-31.82,93.5,170.34499673542518
0.86,34.5,92.0,48.81036871336307
3.4,62.32,90.6,53.497683483851986
317.3,12.44,89.1,17.107703783258927
199.12,-62.14,87.5,119.30910238413436
348.75,38.75,85.1,39.185478701058145
119.56,-33.3,85.1,170.44062381751377
168.78,-51.11,82.5,137.7116981615588
226.98,43.61,82.5,64.67770565675798
346.84,-35.29,81.2,72.12277126033858
12.07,-23.04,80.9,80.82008643235272
156.84,-62.59,79.8,136.85407027806744
272.48,-76.87,78.1,103.76691783240014
134.86,-62.84,76.0,141.59286393123006
322.64,34.26,74.8,17.871493699220604
172.47,-60.92,73.0,131.8441449954671
311.79,32.38,61.3,9.478407014776513
256.73,27.4,61.1,43.107713669871806
329.82,-15.05,61.0,46.79270413120486
190.62,-53.2,60.8,124.22924035393586
111.39,-36.04,59.4,163.92816745457569
286.44,-56.9,58.2,83.38714575681445
89.74,-43.35,57.2,145.91872655315416
321.25,-15.24,56.7,43.2466200661431
140.01,-59.99,56.2,143.49318891265796
287.41,11.33,54.7,21.54600779307639
339.9,34.35,54.6,31.554546006974963
210.09,-29.72,50.2,106.07442397873501
152.45,-43.34,50.1,151.04431097489993
153.13,-35.73,47.9,153.58717609943258
92.68,47.0,47.2,102.31334482684373
271.82,24.49,46.2,30.061753995408942
306.06,32.57,45.7,7.626635932587567
329.13,-42.03,44.5,70.64470847714014
326.33,-44.54,41.4,72.22352934414342
136.08,39.4,41.0,114.77344952016256
88.42,60.41,38.1,89.5343979129939
14.92,-53.11,36.7,98.69761591177783
307.98,14.94,34.8,10.44125483039656
309.85,43.08,34.8,18.512588713678248
127.93,28.08,32.9,126.84512140490541
275.88,19.61,31.2,27.418396885184016
123.02,44.48,30.2,110.49638234276189
297.65,23.05,29.8,6.9894975723066315
192.25,50.62,26.9,84.01318083720935
203.93,63.4,25.9,72.54434539376737
139.76,56.43,25.8,97.61295345476894
125.58,41.61,24.7,113.38783264787136
226.52,61.4,24.0,62.76157867028612
236.76,-12.86,22.9,76.4969897852792
4.45,-64.07,22.9,100.29029762498497
129.95,51.37,21.8,103.50562270329532
135.09,32.95,19.7,121.25827233422824
138.05,12.69,13.6,140.21894663031162
225.85,86.23,12.4,64.3469189863412
241.33,64.37,9.6,56.29502380485899
304.21,34.39,317.7,9.414932615420629
305.7,11.71,297.9,13.306497342826413
19.02,60.95,293.9,60.61960187813529
156.62,-67.12,266.3,133.58497674150118
121.94,-67.19,252.7,137.76727829737754
162.28,-68.73,244.7,130.9523823269455
196.03,-56.1,240.3,121.00407971888329
306.63,15.11,240.3,10.007416479253374
161.45,-37.33,238.8,146.7155148093498
258.27,39.61,237.7,41.57992146010016
41.99,-74.66,236.2,115.89603519115951
320.63,-34.05,233.0,60.887759690288426
248.99,44.36,232.3,48.873119076069095
272.15,-39.75,230.7,71.63044728218372
330.89,-44.31,230.1,73.24849197132882
227.45,-26.68,228.7,90.86940068652642
304.71,29.13,228.0,4.138059640223165
170.84,-56.37,228.0,134.55292095309633
343.34,-36.95,227.3,71.69682506722052
324.9,50.02,226.3,29.379577831291652
306.51,31.2,225.6,6.3412158224640205
256.04,-29.07,224.6,71.6533603476974
270.78,-51.23,223.2,81.96504084834925
308.3,51.52,223.2,26.639743045430894
155.08,-73.85,222.8,128.61487294582196
314.52,27.67,222.8,8.936865187024774
334.79,-20.97,220.8,54.32402015693389
11.13,34.17,217.1,57.261709461416004
203.35,-36.2,215.8,113.40856639749391
345.33,-32.61,215.4,69.25353910520745
174.11,-51.76,215.1,134.3586793086554
226.42,18.04,214.5,72.45205864117392
207.79,-36.52,212.5,110.05454472311688
147.35,-77.15,211.5,126.75929961961994
269.7,13.44,206.4,35.1504624436483
179.42,-48.59,204.8,131.74045517962296
340.87,40.37,205.1,33.56275099734416
306.15,-26.05,204.2,51.06208184018502
311.74,49.2,203.2,24.76584023807926
321.61,-12.86,202.3,41.18010730242797
330.79,48.65,199.8,31.088194868769097
181.71,-78.71,199.8,120.78571285331698
237.12,10.7,199.5,65.55620025396948
306.39,28.46,197.7,3.67586457675998
219.47,-31.92,195.4,99.4100398690641
337.03,-50.85,195.3,80.94656175820049
308.76,40.67,195.3,15.980876667151632
240.01,32.96,195.0,56.53536294757705
206.65,-49.97,194.7,114.0952344709969
273.01,-43.53,193.8,74.5599860774394
48.19,-54.56,192.3,117.6604748810554
200.99,-34.52,191.7,114.85180148164447
303.26,17.81,190.8,7.369896830247868
211.88,-23.83,190.5,102.46661456801888
356.64,-37.23,190.0,78.922107210811
337.67,-61.83,190.0,90.7099823394901
315.17,38.97,189.4,16.392439524595762
215.24,-31.1,189.4,102.41821148343861
308.97,21.36,189.1,5.15371455318809
357.63,-42.02,188.5,82.77458031339745
259.99,-24.87,186.5,66.19732759223326
250.15,-37.69,185.4,81.11132675387614
268.26,-33.79,182.8,68.37339848321751
69.03,-53.55,182.5,129.8872281010422
219.08,-19.21,180.3,94.48292864896294
97.53,-80.2,180.0,123.59513943929468
147.41,-30.52,180.3,159.45564003512445
232.19,19.59,179.5,66.79353900187651
295.3,-36.74,178.1,62.41330965360268
31.36,47.26,177.8,69.54703677959758
235.97,19.69,177.8,63.39885901440824
234.83,25.25,177.3,62.719442052167
214.06,-41.12,177.3,106.80592133084448
124.76,-66.39,176.5,138.60972404665645
349.52,-63.56,175.7,95.20298236404479
332.58,49.32,175.4,32.421320054367385
93.31,-61.18,173.5,137.9043474336365
251.94,-33.77,173.0,77.4169063734102
344.06,-64.01,172.9,94.0996899983189
313.56,-32.84,171.9,58.412301028956755
232.28,23.64,171.9,65.4123466899741
170.57,-53.81,171.4,135.7005722586138
333.53,-27.7,170.9,59.432976624551166
295.45,15.5,169.8,13.047795926393576
312.49,48.07,169.6,23.814222776741325
348.63,-31.9,169.6,70.5129553070106
24.83,-32.89,168.3,95.45806250936911
2.48,-29.31,168.0,77.41037182884612
18.34,-35.17,167.5,91.77828923230119
351.77,28.92,164.2,41.60687755272742
14.69,74.99,164.7,60.681052016513696
245.9,21.33,161.7,54.03663156777738
335.78,-28.86,160.4,61.44826289776575
336.84,-46.31,159.5,76.92393657136175
271.58,12.89,158.7,33.72932408382694
40.54,45.08,158.5,76.26267787128955
321.47,25.69,158.5,14.891098095219643
319.95,33.47,156.8,15.52732920590028
356.31,-73.11,157.2,103.87407911133523
195.83,-65.08,156.3,120.57516815414571
27.86,41.59,156.3,68.60572157238788
208.24,-49.57,155.6,113.00938379931908
229.86,-30.37,154.9,90.7524674442591
230.3,-32.54,154.5,91.47346212533817
0.41,9.25,154.2,54.84760176102929
299.56,16.56,154.0,9.850521621319059
233.0,-29.25,154.4,87.83055533648414
203.53,67.73,154.2,71.16797475209658
181.87,-59.43,150.4,128.01008001152294
180.07,-48.08,149.5,131.3879317700841
286.6,-35.7,149.3,63.14364079317769
142.87,-74.83,149.1,129.3173849542807
149.82,-41.95,149.1,153.41846608656965
25.63,-11.98,148.8,86.7542524276573
325.41,16.15,148.8,21.021982207376556
8.83,33.95,147.5,55.417490984147925
260.23,-28.95,146.8,68.99457408520732
331.63,16.26,146.8,26.350937196491753
243.64,-18.23,145.2,73.7167669376611
339.54,-36.55,145.0,69.63160381277149
225.57,-33.29,143.8,95.33601434993152
193.57,-34.59,143.2,120.8318582182899
130.65,-46.72,143.3,157.81734610228193
320.77,-45.63,142.1,72.07255877184903
318.45,-63.34,141.0,88.97921198470789
284.4,-21.17,141.0,50.3212732783745
26.75,-34.4,141.5,97.55400388394214
264.47,-29.21,139.3,66.73315062994122
318.55,-25.68,138.9,52.34421473775865
275.9,-25.01,138.5,57.38579546291455
255.31,35.25,138.3,43.72063959643849
218.19,-29.33,137.2,99.38375903667281
312.64,37.08,137.6,13.72689671969155
265.91,50.56,136.8,39.352813663951586
355.09,-53.25,136.4,89.46802447343256
309.16,20.88,136.1,5.624967326344342
153.62,-64.7,135.9,136.2261007518172
182.14,-52.45,135.9,129.4022515822492
230.81,54.2,136.4,60.842682074422285
205.44,-36.63,134.1,111.89742896003742
13.57,76.62,134.3,60.805634068740346
217.18,-29.28,133.5,100.17310823114782
231.83,-30.59,134.0,89.38001927831053
92.22,-27.79,133.7,150.5909526611387
284.01,-20.09,132.8,49.49498934057639
225.21,20.16,132.2,72.7549534535489
25.57,-29.53,132.3,94.53668766619015
35.4,-36.93,130.8,105.00973885612659
307.56,45.38,130.4,20.48427238384442
284.83,-54.14,129.8,81.03387856405865
3.42,-62.37,129.4,98.87690122247015
289.25,28.87,127.3,14.551631645395561
316.86,39.54,126.5,17.626179385209596
315.36,38.36,126.1,15.981276497157841
260.65,47.03,125.1,41.32473300041888
61.0,68.55,124.4,75.63734763785895
22.61,44.57,124.0,64.20716885243554
105.82,-32.6,123.2,161.59225354152878
289.67,16.37,122.3,16.716844601898327
282.01,-54.72,122.1,82.13253717738378
149.67,-42.62,121.9,153.15272652602187
298.48,42.67,120.6,18.4662173445907
8.53,-41.27,120.4,88.57527317750787
282.05,-20.49,120.5,50.66643973358121
252.08,48.3,119.5,47.230452628053996
301.31,-69.77,118.9,94.80735563967947
345.5,-31.76,118.6,68.68367516966529
152.14,-49.34,118.8,147.7895619911872
25.47,-41.44,117.3,99.62607192714714
357.7,-40.64,117.6,81.865445724215
40.89,85.15,117.6,65.59135811157664
1.23,37.86,115.2,48.91967000801603
82.53,-41.73,115.2,141.2801575637734
350.99,-51.06,114.6,86.15552226165069
310.88,38.03,114.8,13.952459593173323
223.94,-27.13,112.6,93.86319140586292
338.67,31.84,112.7,30.26284960512563
304.3,18.89,111.8,6.144352660003379
95.8,-75.65,111.0,127.26564031517967
218.5,86.56,110.7,64.83815238994163
352.75,58.2,110.8,47.13354290897535
242.36,35.59,108.1,54.2202124187531
260.09,33.02,108.1,39.78178132563123
274.57,56.27,107.0,38.24169042664408
301.03,-64.13,104.9,89.18437423133213
348.3,-17.05,104.9,59.556892460066116
279.1,42.31,104.4,27.45293907919668
334.43,71.92,104.2,49.70500712472511
114.36,-32.4,103.0,168.10152661135186
353.3,70.72,102.3,53.27421720226683
295.47,55.13,102.2,30.936483088036756
197.08,-25.09,102.0,115.5790418557284
311.23,49.52,101.5,24.99539174280205
25.83,-29.13,100.5,94.56342980254092
292.63,56.52,99.7,32.769915697663784
13.51,21.91,99.5,62.2422318302709
84.54,-41.23,99.2,142.8585618334432
93.68,-60.43,98.5,138.5600562883874
110.42,-34.36,98.5,164.2790824877891
328.25,18.87,97.8,22.3862191499053
217.28,-32.2,97.4,101.22680192095541
220.55,-32.52,97.3,98.81750203649563
32.59,-35.61,97.0,102.4209336000256
45.94,-59.81,96.7,116.85851372171811
269.88,-19.54,95.1,56.132860795548446
32.48,-14.48,93.8,93.84683339397705
188.13,-46.7,91.9,126.05036925943963
9.82,-25.62,91.9,80.50573880115483
91.77,30.37,89.8,116.13000550067444
97.14,-70.6,89.8,131.664713376939
166.89,-42.82,89.5,141.45565021079705
155.98,-55.5,87.1,142.0362315686843
350.92,-23.07,86.6,65.51488215748387
272.66,58.02,85.7,40.17952253087622
359.81,-33.28,84.1,78.18601246532974
258.29,65.7,83.6,50.140276360241494
200.98,30.63,83.8,88.48765220112543
320.04,34.03,82.5,15.871519739628516
42.48,-56.33,81.8,114.6536931720279
52.3,19.45,81.0,96.51178248786553
236.84,25.71,80.7,60.848460372677955
112.77,-65.54,79.4,138.7149055506048
223.4,-79.16,79.2,112.9655621857101
23.06,-55.35,77.6,103.94884798536378
25.24,-30.49,77.1,94.70573459653683
116.77,-53.81,76.6,150.54141085080167
318.59,-21.36,75.4,48.20302226661067
349.09,-34.94,75.3,73.0474641073895
281.13,-17.24,75.3,48.21800673232631
61.31,-24.33,74.0,122.69315889566462
239.22,29.8,72.7,57.81398053688393
262.98,-78.33,72.4,106.12235803169737
119.22,-72.47,72.4,132.4221857981549
88.56,-60.7,72.0,136.49913825719315
146.87,-56.2,71.3,144.9927539704111
123.62,-33.61,71.6,171.30661516246988
204.02,-30.07,69.9,111.17052114617886
4.4,-32.14,69.8,80.45522570861651
249.55,25.48,69.6,49.773888675181375
319.02,-19.79,68.7,46.82017347373038
137.46,17.26,68.1,136.03100895184522
99.11,-52.25,67.2,146.44217223243893
167.83,-52.86,67.1,137.57790485709688
157.88,-72.3,66.7,129.347304220102
347.39,64.59,66.4,48.013298093494235
9.87,69.56,66.3,57.96606278720061
282.46,-25.87,65.8,55.33417575280779
292.02,54.73,65.7,31.24025032433378
66.93,81.75,65.9,69.5454443417335
285.41,-58.61,64.7,85.18315819110713
144.34,-49.89,63.3,150.94669226681498
314.39,30.92,63.0,10.182785089242614
224.56,20.23,62.5,73.29933516305908
121.39,-54.66,62.3,150.21978238938735
154.87,-51.69,62.2,144.96628097622454
49.92,-17.1,60.1,110.32216187682525
54.25,-15.92,59.0,113.78231748872273
129.6,27.02,58.3,127.7912004177473
152.14,-16.94,58.2,153.4650716751337
189.37,-62.36,57.6,123.79738902345923
183.96,19.72,56.7,107.29649417815634
245.69,16.89,54.0,55.56957486883643
39.42,19.91,51.6,85.51211464350237
151.74,-37.31,49.7,154.14743375679845
342.11,-26.97,48.8,63.096506291978365
203.53,-27.66,47.7,110.84351232074032
225.04,38.75,43.1,67.1854413429651
340.09,-25.14,38.0,60.541293170700825
222.76,-21.48,37.4,92.3428491881004
241.8,-8.15,33.1,69.84297257444068
137.09,-57.47,33.0,146.3939646409431
307.84,38.95,32.4,14.154278700364053
24.68,-28.69,31.7,93.46613075915108
350.3,-43.71,30.9,80.28333235286122
267.14,16.58,30.0,36.25561283937269
102.69,58.97,29.3,94.01840879346979
210.4,76.18,28.9,66.85736626314974
139.78,33.92,28.6,119.42937039524753
351.74,56.44,28.0,45.931155415969705
256.65,57.78,27.5,47.25988136728637
259.58,15.15,26.9,43.574198962321994
157.82,48.36,26.8,100.9664123505659
155.47,40.43,26.4,108.69489391950115
201.54,58.63,25.9,75.46185430780817
245.36,10.06,24.9,58.341421134373036
37.96,17.48,24.8,85.27901044388368
202.0,-68.32,22.1,117.90707029424738
294.13,75.91,22.1,51.20163318497574
338.61,-82.58,21.8,108.75993839343252
277.27,31.15,21.3,25.154686583966885
225.72,-26.62,21.2,92.21509990748785
232.72,-46.47,19.7,96.68539094293169
33.5,-51.08,19.6,108.29457959757814
218.54,-60.4,19.3,109.86610910310716
340.84,63.2,18.8,44.888279166891024
219.28,-57.39,17.8,108.63538172461232
91.91,51.72,16.5,97.96966055710654
202.09,65.52,14.0,72.49905518936878
170.65,74.17,14.0,76.48089223769358
141.61,-47.35,12.5,154.06044334491807
251.88,16.75,10.6,50.01163459250925
145.01,-19.25,10.5,160.61616115437775
142.78,84.23,7.1,70.50569660322898
150.57,29.19,3.2,120.50454598454363
113.58,-76.31,329.6,128.37895601380117
321.91,48.9,297.9,27.3153993759765
165.62,-63.12,295.8,133.4707983029273
321.33,-73.81,284.4,99.40155168704004
302.07,50.68,284.4,25.779083287805353
309.04,25.34,283.8,3.672029965557916
242.45,34.55,269.2,54.28328351144806
13.17,32.23,266.1,59.30449643445699
22.18,61.22,264.2,62.14515235652411
11.21,30.18,263.6,58.09626967023589
181.96,-66.87,263.0,125.64450345884354
229.84,19.5,256.4,68.907005567281
45.47,40.81,255.9,81.28330154797105
302.95,40.07,254.1,15.167510401613088
312.18,20.77,253.5,7.849194566358243
172.79,-72.43,251.2,125.92406827007808
311.94,24.78,250.6,6.298549798541665
53.77,-42.87,240.4,120.08292863339292
211.99,-29.68,239.9,104.51352402049771
226.17,11.34,238.8,75.21203063933375
187.38,-69.12,238.2,122.99854558802741
344.37,-43.67,236.6,77.58621083113376
326.22,-46.68,236.0,74.20687681262808
213.98,-28.22,233.9,102.36006195765395
327.31,36.25,233.3,22.169191624212264
344.44,31.75,232.3,35.157035170315844
299.21,50.17,231.2,25.566057064435025
234.95,16.41,230.7,65.41586968591781
17.75,-21.96,230.7,84.76641862015143
125.53,-70.2,228.0,134.79893943850684
277.73,-27.46,228.0,58.67214130198645
217.2,-27.94,227.5,99.62974010019049
251.55,-60.43,225.4,95.80972395849695
113.38,-64.73,223.9,139.56442196607978
264.46,35.25,223.4,36.25678371804053
337.73,38.71,222.8,30.77062737140739
232.78,-17.42,221.3,82.0945411331499
328.65,-11.03,220.8,42.777453487849456
265.11,48.36,219.3,38.93246467415098
226.57,-27.5,218.8,91.94317116806356
155.82,-61.55,218.8,137.9332826658443
71.16,-78.2,218.3,121.53662596886936
104.85,-69.31,217.8,134.10473258312885
303.46,43.26,217.8,18.303543014952087
299.56,-30.29,216.3,55.53530764603702
254.65,-35.5,216.3,76.97379346762234
317.13,44.06,215.8,21.465804416481415
240.7,26.73,213.8,57.24035286165663
65.96,-53.39,213.8,128.1185692460131
296.33,-13.36,212.8,39.280949935486525
245.95,39.54,212.3,51.06069379566244
158.03,-66.02,211.8,134.02334715601967
304.89,34.68,211.3,9.680468021765131
229.39,15.22,210.4,70.83531710370083
176.63,-60.78,209.9,130.05119804753133
135.61,-76.33,209.9,128.40177283594267
133.96,-77.91,209.4,126.92380389441456
272.49,-24.39,208.9,58.56300221336434
300.05,61.16,208.9,36.31802950617252
317.33,44.87,208.4,22.233325586120305
292.1,24.78,207.0,11.699476405038405
150.71,-79.94,207.0,123.97016489470465
308.18,37.84,206.5,13.12112140387527
227.38,22.8,206.5,69.94659295117215
314.44,32.65,206.1,11.255707877876143
186.14,-73.65,205.6,121.91571569139282
31.17,-34.07,205.6,100.75478561240729
3.01,35.54,204.2,50.480033662196554
308.44,30.72,203.2,6.477115792215322
320.65,-36.36,203.2,63.11205346702476
302.96,44.35,202.8,19.420901998644762
326.9,37.64,202.3,22.485802854618825
268.6,-32.96,201.4,67.53338785703605
352.95,-44.05,201.8,81.8104056056718
176.78,-52.62,200.9,132.55005943789945
259.13,38.39,200.9,40.793408620441994
212.89,-34.17,200.0,105.36528591491462
338.79,-76.93,200.0,103.96546179027777
100.71,-61.81,199.1,139.70511038244265
44.46,-46.43,198.6,114.13386589992184
20.84,-74.46,198.2,110.35098951811418
285.36,13.64,198.2,21.694238406851394
306.0,-68.24,198.2,93.2429366549419
13.74,31.45,196.8,59.94348878779646
308.52,46.97,196.8,22.14799933342625
173.7,-32.16,196.3,136.99874572479703
171.21,-57.78,195.9,133.78331273885436
219.11,-27.1,195.9,97.7410714649735
311.44,44.66,195.9,20.34142877331898
153.92,-80.61,195.4,123.11924288600842
243.14,-23.23,195.0,76.93264301614313
191.68,-54.89,195.0,123.50929085875035
309.11,-64.11,194.5,89.16831735297677
260.43,-26.48,194.1,67.07824622953547
228.69,12.9,193.6,72.3362323685795
269.65,-77.4,193.2,104.54768033058248
287.47,13.05,192.8,20.392733246703347
341.11,-13.62,191.4,52.25955255725434
16.52,28.17,191.4,63.07899572864048
242.67,-18.18,191.4,74.454586988231
221.57,-32.41,191.4,97.98812573377205
254.93,51.6,190.5,46.16896653980889
180.1,-47.16,190.5,131.4885452873825
274.29,-27.3,189.7,60.09351925158226
35.47,-78.55,189.7,114.56235253762479
214.18,-58.94,189.7,111.63659245795697
209.17,-35.11,188.8,108.56485291745271
347.73,-78.01,188.8,105.96782679918296
131.99,-68.95,188.9,135.8506146998062
343.43,-17.4,187.9,56.557186767130766
245.3,42.78,187.1,51.49024889398185
290.02,-37.6,186.2,64.16395717738415
40.23,-48.43,186.2,111.77711643742181
348.96,-38.66,185.8,75.79362533672696
30.05,-30.25,185.4,98.35757139647556
287.33,-16.48,185.4,44.91261083157243
300.57,50.07,185.4,25.303977428606814
318.61,44.83,184.9,22.68268323633204
173.18,-53.25,184.5,134.4433443297838
298.75,62.62,182.8,37.851920131928594
250.54,38.82,182.8,47.51653498906967
118.71,-65.83,182.8,138.97462329755348
253.2,30.88,182.4,45.73931961574292
232.15,14.85,182.4,68.49185889211728
333.37,-20.88,182.0,53.525720440397045
329.11,-58.56,182.0,85.93301706087563
241.67,12.77,181.6,60.64956456130524
254.91,-33.99,181.6,75.76763199281235
316.85,-39.55,180.7,65.49137053818754
335.93,51.73,180.7,35.57925992174565
358.57,20.5,180.7,49.29814735434918
286.32,-38.69,179.9,66.04852149739571
221.91,-44.37,179.9,102.56739036822047
152.13,-72.84,179.5,129.9248689201975
20.01,52.51,179.5,61.44500767425039
281.2,-25.24,179.1,55.259631848349784
268.59,53.61,179.1,39.38167760058821
269.88,-54.13,178.6,84.72689531585094
328.99,-52.14,178.6,79.94925968945898
358.53,-39.99,177.8,81.8861980760319
155.6,-72.61,177.4,129.5277896584405
292.58,10.61,177.4,18.59808119208596
47.6,-46.98,176.6,116.35091700903295
310.73,55.92,176.6,31.201788641058215
244.5,-26.13,176.6,77.61084657195258
229.23,11.07,176.6,72.55531683996504
88.27,-46.84,176.6,143.6240957404208
358.29,22.8,176.2,48.45569810160158
330.05,38.32,176.2,25.01245257842532
309.92,26.65,175.0,4.725536904248154
198.99,-35.2,175.0,116.60697278609553
279.32,44.46,175.0,28.48018233924102
20.57,46.58,175.0,62.47098325702694
302.51,-51.25,174.6,76.28159171391312
246.9,-16.18,174.2,69.98946807637486
242.36,27.15,173.8,55.7034525318909
58.68,-55.06,173.6,123.70458395346111
258.69,-44.39,173.4,81.27306476386386
330.39,-57.85,173.4,85.5330517087242
151.52,-68.44,172.6,133.71338278664996
209.25,-34.42,172.2,108.28781170692679
326.93,-16.51,171.8,46.688514987644666
67.88,-57.77,171.8,128.30891818942447
173.12,-59.97,171.0,131.9648779040893
250.25,29.61,171.0,48.426856364044085
319.45,-39.58,170.2,65.97387366145371
332.52,17.6,170.2,26.6296601531027
229.71,-19.61,168.7,85.70163764548289
318.58,-17.37,168.3,44.38743054546715
283.89,-18.86,168.2,48.43427360410276
23.73,-31.13,167.9,93.83422547299948
247.75,42.79,167.9,49.69260038584169
320.66,-34.95,167.9,61.7590179413958
334.66,42.15,167.5,29.830801016356798
262.98,35.59,167.5,37.48713461142831
193.74,-29.5,166.4,119.61241758956068
283.71,-28.13,166.3,56.94417118276737
266.03,-13.19,166.3,53.87070031755438
249.13,35.57,166.0,48.74159790503922
324.6,-20.41,166.0,49.246067682936626
185.4,-51.7,165.2,127.52540837248813
6.76,47.74,165.2,53.046317636085654
322.87,54.99,164.8,32.75127369961405
320.16,27.48,164.4,13.812586689561778
207.26,-68.04,164.4,115.95089060927329
234.03,24.51,164.1,63.6272840809157
229.49,-23.86,163.7,87.91183038265726
217.79,-49.23,163.3,106.93318765025684
263.98,-27.47,163.3,65.68526817430944
306.9,54.99,163.3,30.022751886777534
22.94,-33.46,162.9,94.3032233847093
208.78,-63.22,162.9,114.93140715863137
309.91,50.29,162.6,25.573502516288876
338.73,-50.47,163.1,81.15382593369212
204.47,-35.78,162.2,112.42432505284859
27.65,-39.64,162.2,100.38894971958064
179.23,-48.04,162.2,131.94925183324315
346.18,-51.7,162.2,84.77266440615017
20.81,-18.93,161.8,85.8107007731764
323.23,30.71,161.8,17.073597837493182
259.93,13.35,161.4,43.91588581174093
168.49,-60.66,161.1,133.6766363750578
246.81,-21.67,161.1,73.26771433347068
274.54,-29.53,160.7,61.87219690740968
297.98,48.1,160.3,23.75388297224813
316.84,26.29,160.3,10.747424079365535
331.63,-49.58,160.0,78.2550237741385
249.7,38.07,159.2,48.181257911737696
246.76,-21.41,159.2,73.15078097898777
305.99,38.86,158.9,13.885174405968229
76.34,-30.13,158.9,136.87766396618764
298.66,12.26,158.5,14.078267084348113
224.66,-55.14,158.4,105.06147691747748
39.35,54.78,158.9,72.20511393006335
83.91,-47.37,158.3,140.67387164448726
42.59,-20.01,158.1,104.8977614565692
22.94,-23.54,157.4,89.72424720566299
327.09,-20.35,156.7,50.17847597046286
252.74,36.02,156.7,45.797046881261544
216.79,-23.79,156.0,98.3126044330445
251.8,-34.58,156.0,78.04587667547526
275.36,-24.14,155.6,56.90742765955858
49.41,35.39,155.2,86.50934871685017
239.61,32.03,155.2,57.03622241364562
246.38,-17.08,155.7,70.91410565866278
39.71,53.2,155.6,72.91291521805796
80.58,-37.24,154.5,140.45084694733512
308.29,-34.52,153.5,59.60178866598636
308.01,-24.21,153.5,49.296244995863674
314.62,29.22,153.5,9.541471243014666
325.07,38.85,153.1,21.865001890636265
254.11,18.94,152.8,47.31800037545638
218.17,-32.46,152.4,100.63408971993813
251.14,49.76,152.4,48.095692973365054
40.04,51.53,152.8,73.65920155761609
264.16,13.19,152.1,40.18172575212529
48.96,-31.66,151.7,114.07460325525571
264.91,-45.82,151.7,79.62279658917224
250.08,29.24,151.7,48.62841193386248
345.53,-50.87,151.7,83.86385409718281
281.65,10.09,151.4,26.715048524823214
196.99,-62.74,151.4,120.2668295072888
208.43,-50.38,151.4,113.05818827804065
310.6,-23.14,151.0,48.445258377744494
162.84,-32.71,151.7,146.16137641028007
260.58,49.46,150.7,42.10579750828537
244.51,-19.6,150.3,73.81199775145693
300.76,10.55,150.3,14.999689102483048
317.78,43.25,150.4,21.03752415074443
252.48,-27.76,150.0,73.0725503999121
277.06,-23.12,149.6,55.22069863104155
29.95,-36.66,149.6,100.85554636519736
33.02,-37.76,148.9,103.53484027008605
39.01,44.57,149.3,75.43758090466518
280.21,-54.53,148.9,82.34207116093069
12.76,17.1,148.6,63.1196741638973
261.12,-28.08,148.6,67.82493279049963
175.03,-60.48,148.6,130.89094217364902
257.96,42.58,147.9,42.20562650247849
249.77,-40.86,147.9,83.42991411469393
312.78,-33.81,147.9,59.27313059467404
144.24,-64.68,147.6,138.41513744766968
270.29,-28.01,147.2,62.65901898524453
46.67,-32.57,147.2,112.45765430418264
37.24,-50.29,147.2,110.34959028038034
267.78,72.32,146.9,51.549327307949504
220.0,-27.19,146.6,97.05667570761588
1.54,-30.48,146.6,77.50970795888466
261.28,-14.64,145.9,58.20165578180446
322.02,-37.3,145.5,64.32495318769466
353.39,-53.44,145.5,88.90940712613438
230.99,-16.4,145.9,83.09751550505041
285.64,27.29,144.5,17.5113024719763
135.28,-73.9,144.2,130.7939528265496
156.41,-37.83,144.2,150.47432983874504
349.66,-51.45,142.9,85.91546959091988
260.44,18.09,142.9,41.835199088800096
209.87,-61.5,143.3,114.20937472233163
293.58,46.79,142.6,23.61390601848666
194.51,-51.71,142.2,121.8897489894123
264.89,47.66,141.9,38.808869711957556
52.59,34.48,141.6,89.2277178504756
272.64,-28.61,141.6,61.98414756083326
269.5,38.29,141.5,32.75512208914776
277.67,-25.32,140.3,56.83493308810047
168.67,-34.23,140.6,141.23644596125774
148.35,-32.67,140.3,158.21305055054705
47.76,-31.37,140.0,113.01129655689017
248.28,29.86,139.6,50.08043429075926
277.2,-24.92,139.3,56.70221699207146
56.29,39.56,139.3,89.11414791891501
309.3,-33.73,138.4,58.87211762164453
320.02,-64.13,138.5,89.90412112724712
2.84,59.06,138.7,52.37354554575875
212.05,24.5,138.7,82.36777076696791
92.14,-41.3,138.0,148.30579750262007
120.85,-26.03,138.0,176.11591630392988
221.11,-31.75,137.7,98.06857329303159
9.36,-20.16,137.4,77.1444481939222
334.54,55.73,137.4,37.50999483298006
81.42,-69.4,137.4,128.79929523936843
271.26,-20.96,137.1,56.4538263106938
249.36,-27.7,137.1,75.14115716312719
26.17,-18.93,137.1,90.3154630315943
202.41,-50.85,136.8,116.90180164627444
180.29,-72.19,136.8,124.07041965711272
199.28,-57.32,136.5,119.22906183809366
20.11,58.62,136.8,61.17926360075864
174.84,-79.34,136.5,121.56368229768277
195.75,-33.97,136.1,118.94347447474509
227.52,-10.2,136.1,83.1929915521365
302.24,41.28,136.1,16.440705572076396
308.32,40.41,135.5,15.657788496085256
32.72,-31.68,135.5,101.0266309024071
334.82,-33.55,135.2,65.05527158894202
291.41,-41.38,135.2,67.56536947116452
227.48,-62.87,134.6,106.66699119123082
263.24,48.33,134.6,40.07910751111017
161.02,-39.43,135.2,146.57574094965094
190.41,25.11,134.1,99.33184379241467
223.22,-32.08,133.4,96.58405300421494
4.56,-59.7,133.0,97.65592375569067
31.48,-16.37,133.0,93.76828417979227
258.14,-30.19,133.0,71.14710211519385
268.86,-26.49,133.0,62.188308307332825
317.07,-39.73,132.9,65.70244039889893
259.11,11.74,132.7,45.28191282095067
311.28,-57.44,132.7,82.60913918531492
224.16,-32.4,132.7,96.00603021438921
285.68,11.14,132.7,22.95559948566544
148.53,-69.62,132.4,133.2779102289847
203.95,-29.5,132.4,111.05690111102365
317.55,41.5,131.5,19.506884727221344
298.98,-21.3,131.5,46.66791075633783
281.02,37.45,130.9,23.881845384312165
335.51,20.92,130.6,28.32735305247078
3.39,34.15,130.6,50.923295619911556
308.89,40.96,130.2,16.28533562509835
248.89,43.77,129.7,48.907044946277296
283.53,-21.95,129.4,51.36874313927931
278.19,-23.01,129.4,54.59653658499478
15.55,-44.17,129.1,94.47431790735551
237.09,-25.76,129.1,82.91817018775807
248.68,-13.58,129.2,67.08820649425739
330.14,16.95,128.8,24.76639036535775
16.17,-77.95,128.9,110.62426097815269
220.74,-31.58,128.5,98.28516458895021
227.88,20.52,127.9,70.28457962275742
330.23,-18.87,128.3,50.27506195278762
267.62,16.36,128.2,35.89854533382387
317.58,37.83,128.1,16.694891038314324
19.01,-76.93,128.5,110.8064157967134
37.23,42.72,128.2,74.88232196917794
20.63,-77.95,128.1,111.49060526301119
205.27,-37.33,127.9,112.21434504794821
180.51,-65.94,127.4,126.5220520452142
183.69,-46.83,127.3,129.08367322076882
295.17,-42.74,126.8,68.34371167221558
283.68,24.32,126.5,19.36768563903983
227.21,22.1,126.5,70.33037037869154
16.95,22.78,126.5,65.00446708894782
301.21,20.32,126.6,5.841528967777878
234.76,23.14,126.7,63.395168987266835
285.4,27.69,126.7,17.749501135076937
201.58,-36.14,125.6,114.7785152040584
337.66,-33.34,125.6,66.09867927726079
325.93,24.33,125.9,19.0134293076677
288.83,-17.38,125.3,45.21295732069253
93.12,-60.93,125.0,138.01411643136896
18.61,22.73,125.0,66.47369690276673
151.38,-65.35,125.0,136.2812952598482
310.66,-59.82,124.7,84.94777948540836
357.47,-44.78,124.5,84.5944734394964
209.29,-40.11,123.9,109.95237374144315
342.81,-57.17,124.3,88.1046687629647
82.18,-31.65,124.2,141.96722597472217
6.32,39.09,123.6,52.838102566622496
310.05,27.59,123.0,5.215099699402063
93.51,-30.25,123.0,151.70372487851498
316.08,-74.36,122.7,99.62457203207458
39.59,49.29,122.5,74.15422977989073
250.71,32.68,122.2,47.66632031732572
108.23,-34.34,121.7,162.72996094099835
261.51,-53.03,121.6,86.68759794437923
298.61,53.79,121.3,29.183267635145768
357.34,-42.81,121.1,83.16417263074125
92.49,-24.61,121.3,150.55837445634103
112.16,-34.13,121.3,165.59729275044296
282.96,71.04,121.1,47.72908214967024
118.39,-41.18,121.1,162.9124135543391
193.13,-36.17,120.5,121.46364350625376
304.72,42.35,120.2,17.351536633972117
204.09,-37.77,119.9,113.23132145964914
334.58,-48.8,119.9,78.39369654626002
229.54,-42.03,119.9,96.54250983049856
88.44,-75.95,119.9,125.92354499643892
66.87,-43.22,120.2,129.6521366321693
259.28,44.63,119.7,41.651245621420784
305.68,40.63,119.9,15.640298213254043
154.06,-36.77,119.7,152.5707277954747
305.62,40.13,119.4,15.138903187880846
310.25,31.56,119.2,8.02260391714661
11.38,54.88,118.9,56.31785592066509
235.88,-25.29,118.6,83.59721390094343
335.46,-31.83,118.3,63.841861127640875
103.98,-52.86,118.6,147.96011961074626
265.33,11.66,118.3,39.76874283028142
209.93,-46.74,118.0,111.26369603235472
263.78,57.58,117.8,43.7611577344501
271.91,-19.68,117.5,55.06543649505653
315.01,38.24,117.5,15.722953646403703
352.38,37.92,117.5,41.93987782215041
289.17,-71.93,117.2,97.545756612477
294.33,-23.64,117.2,49.7268092926928
271.72,-21.74,117.2,56.82168484945454
229.82,-25.79,117.3,88.57560617702946
357.87,38.32,116.9,46.270439421405264
66.28,-31.85,116.7,128.51615298339254
299.67,15.17,116.1,11.02719780193084
327.98,41.19,116.1,25.012200319085757
261.66,-76.92,115.9,105.21726058239472
29.2,-35.68,115.7,99.90991157750824
12.15,34.53,115.3,58.02883958591092
2.88,19.46,114.8,53.476980245897636
225.16,-18.38,114.7,88.94249791449403
304.69,-10.58,114.6,35.58128407087877
281.56,-21.48,114.6,51.756036284976695
247.62,-27.61,114.3,76.28690542237116
40.69,-15.22,114.3,101.39977054192597
294.79,44.45,114.5,21.142328449043177
31.63,-21.13,114.0,95.89199488854076
280.56,-18.26,114.0,49.373067115606084
244.33,-26.5,114.0,77.95205085101466
312.02,36.11,114.0,12.638439712962713
212.9,-58.84,113.2,112.2611917020657
8.73,-58.61,113.4,98.73299134138092
3.59,16.78,112.7,54.954461264509554
350.39,30.7,112.7,40.266797013362456
256.26,31.19,111.9,43.10014403178591
175.99,-49.85,111.9,133.69925134477722
270.14,-78.88,112.2,105.7390126428892
247.34,17.36,111.9,53.9254989872548
28.35,-43.7,111.7,102.48013967337589
350.64,-42.74,111.7,79.71381023638847
351.68,64.54,111.7,49.5433346759955
274.99,-70.01,111.2,97.4040435680515
194.81,26.08,111.0,95.46026422374804
188.07,49.2,110.9,87.03582550731907
32.86,-36.86,109.1,103.0872655107019
207.04,-36.25,109.1,110.55539129038782
349.32,-45.22,108.9,80.98142729173787
343.39,-23.15,108.9,60.855215683573455
193.17,-53.34,108.6,122.70002542114793
83.33,-58.29,107.6,135.67387154853074
286.23,-72.01,107.8,97.87017945353708
329.73,18.91,107.5,23.69120215431489
277.92,-72.64,107.5,99.35748952964553
44.41,52.37,107.6,75.86375737077553
5.08,-17.14,107.2,72.095475623926
262.69,42.01,107.2,38.662538905058724
246.96,35.79,107.2,50.48373592638243
34.34,-17.06,107.2,96.54620726429859
198.89,-62.03,106.7,119.41962324195813
354.07,-32.83,106.4,74.347595699805
67.23,36.77,106.9,97.71265683836332
206.66,46.23,106.7,77.62878362923907
259.23,-28.9,105.9,69.56083204989795
270.7,12.05,105.7,34.87210747787918
13.5,12.54,105.7,65.41779256920348
206.26,-39.8,105.0,112.10626991064555
303.77,-64.98,104.7,89.9850604584179
345.85,-31.48,104.5,68.65617436666112
79.92,-54.83,104.8,135.5685216649054
358.08,64.12,104.5,51.839537415129556
234.95,-16.32,104.1,79.74578581137628
282.03,36.53,104.0,22.768509395755384
172.73,-54.08,103.6,134.4173754026745
266.34,-25.62,102.8,62.91030548750137
244.93,-29.99,102.7,79.60657641784893
356.29,-36.33,102.6,78.09796079522114
27.89,24.16,102.7,74.01869790600502
60.62,17.41,102.6,104.32869892195117
197.86,-57.41,102.3,119.99600404092635
25.06,-74.48,102.3,111.4289966277879
313.63,-42.79,102.3,68.25526018989258
311.07,55.21,102.3,30.53851650376143
74.78,-33.59,101.9,135.7969418052967
139.7,-25.67,101.8,166.70376939387273
298.59,-10.08,101.6,35.6323448744424
98.72,-25.59,101.4,156.2712413203159
282.8,-15.46,101.4,45.884579266668034
225.91,20.56,100.9,71.9994201118675
184.99,19.18,101.0,106.81506357983082
355.04,33.79,100.5,44.04498668542602
311.75,-32.17,100.2,57.531854813962134
269.04,-22.88,100.6,59.232394232532
29.71,64.21,100.7,65.36239542443072
3.84,-25.38,100.2,75.96306942074813
352.83,30.19,100.0,42.402219075976575
333.48,-27.69,100.2,59.40208784520555
103.0,-54.13,100.0,146.6000653482885
315.31,35.23,100.0,13.55398035559995
250.18,-24.62,99.4,72.62437590086101
51.77,-34.97,99.1,117.16195535942327
200.98,-34.79,98.6,114.92610062378084
354.36,-33.66,98.4,75.10347345604958
72.05,-29.73,98.6,133.13865291687716
274.7,-24.99,98.2,57.94682298930251
39.54,-56.91,98.0,113.15636074272463
334.65,69.69,98.2,47.95358581420485
31.27,-36.53,97.5,101.78173798738835
149.42,-45.71,97.3,151.49383374452233
100.61,-29.77,97.1,157.86950109049764
325.47,30.03,97.3,18.808284431536368
71.72,-54.83,96.8,131.11682786050815
21.48,13.91,96.6,72.10558798823301
295.23,20.25,96.9,10.187685080258719
311.82,31.85,96.6,9.099765697600821
205.14,-50.48,96.4,115.13599409801259
256.93,29.49,96.2,42.676264624972376
222.87,42.89,95.9,67.75597127960036
254.72,-80.89,95.9,109.00121629465214
313.19,27.79,95.9,7.8464799175130215
162.98,-48.27,95.5,142.26958869781916
354.71,-20.33,95.1,66.25084833914259
231.99,-31.64,94.8,89.78419432521059
312.49,38.39,95.0,14.81528545958937
257.28,31.14,94.6,42.23328300536395
9.35,-18.43,94.0,76.19694992371478
156.49,-77.94,93.1,125.08312040647482
111.26,-55.7,93.1,147.69734190798528
318.25,30.33,93.5,12.87672940328454
53.04,-34.8,92.3,118.1422866979493
315.74,60.05,92.5,35.83314723838844
271.83,-28.52,92.3,62.303933724297615
266.02,36.9,92.2,35.199257083059315
352.89,63.41,92.0,49.46286031304621
298.03,-65.92,92.0,91.07660000616889
223.63,-28.91,91.6,94.89108403496881
327.39,28.31,91.5,20.251967121037964
100.87,-49.44,91.4,149.19333195271273
234.79,74.98,91.4,60.81032926267598
296.54,-25.98,91.1,51.63079483769739
175.76,-54.31,90.8,132.66488894058944
271.27,57.06,90.8,40.13444291409406
79.24,-39.53,91.0,139.17205340027976
84.69,-61.23,90.2,134.67442503331225
281.39,42.87,89.7,26.342928714240987
328.27,70.96,89.7,47.847269294036295
12.27,21.71,88.9,61.204936854020445
276.69,13.47,88.6,29.02563378598604
345.22,28.45,88.3,35.924815799654525
23.06,41.04,88.3,65.23421388343277
312.41,12.81,87.9,14.052824854544626
226.53,-17.93,88.0,87.57849818745892
280.33,-80.46,87.9,106.27664941166861
279.34,-61.28,87.1,88.74336429681624
323.47,53.2,86.3,31.42333821930056
102.28,-55.85,86.3,144.9882263082381
143.88,19.51,86.3,131.84878420967823
239.87,33.45,86.1,56.56597843323652
217.83,45.99,86.0,70.42476720270972
314.71,49.18,84.9,25.341082838833817
130.39,-69.51,84.8,135.3754690522275
166.27,20.65,84.3,119.23447373356477
31.84,-53.9,84.1,108.18192380420868
117.81,-66.85,83.4,137.90995115176844
357.39,-31.37,82.4,75.38904142310135
297.12,-60.97,82.3,86.2084980374756
152.06,-54.94,82.4,144.0526951331637
242.42,-18.31,82.1,74.7243155387471
243.78,12.27,81.5,58.92318140564345
72.82,-49.81,81.8,132.95857412882322
244.86,-59.68,81.7,97.87520709208718
113.27,-37.62,81.1,163.91444044135383
169.5,-48.68,81.1,138.09139656166462
99.58,-38.14,80.7,154.7972615936204
143.11,-26.97,80.5,163.61638095719383
274.97,-42.28,80.3,72.76951674005964
38.49,-54.91,79.4,112.18034107908007
15.33,55.32,78.9,58.592800145533744
273.24,46.6,78.7,33.22433145353298
263.26,-12.01,78.7,55.00387843687528
265.38,64.89,78.7,47.23981694174429
118.43,-38.78,78.5,165.14498042221766
11.05,-36.23,78.3,87.30654231230893
351.15,-12.72,78.1,58.707906819792335
204.03,-32.17,77.7,111.77751752421578
298.41,15.13,77.4,11.644540930332912
257.97,25.5,77.3,42.30972318307208
185.65,-55.96,77.3,126.7885410036717
263.49,-80.69,77.4,107.89401500978738
148.81,32.2,77.4,118.45287472553724
331.95,-15.97,77.1,48.66742763984442
274.48,-71.74,77.0,99.0158670586406
214.29,-64.2,76.6,112.66727296994885
285.98,48.7,76.6,27.992905349955663
245.16,35.32,76.4,51.98520023656279
344.21,30.18,76.4,34.964428507109695
64.12,85.03,76.5,67.49155070782233
146.25,-15.62,76.7,158.01518333286978
60.52,26.02,75.9,99.52558980417967
274.07,-43.68,75.5,74.31378303488553
20.04,-51.73,75.0,100.77143164982063
219.86,-25.12,74.8,96.30877569307556
317.22,45.6,74.8,22.825305894409336
250.82,21.99,74.9,49.4532834979082
118.2,-31.95,74.8,170.83815653570747
212.5,19.92,74.9,83.86785052001098
339.93,-27.73,74.5,62.54486455649878
257.82,-64.55,74.3,96.71274481306789
147.93,21.53,73.8,128.41526307276078
283.93,10.77,73.6,24.523637866086666
133.91,-56.91,73.3,147.4485441301348
350.05,-36.97,72.9,75.0839041285233
224.71,76.32,72.7,63.462698544054696
188.06,22.13,72.3,102.77694247956518
247.4,44.13,72.2,49.99707704842077
118.04,-61.93,72.1,142.77135592654696
84.03,-48.88,72.1,140.21054770361826
1.59,-15.72,72.0,68.5389300819315
349.47,-48.32,71.7,83.42909338506206
351.68,-34.67,71.6,74.27726139916868
154.02,-11.4,71.3,149.36369640063614
300.71,19.64,71.2,6.667898721931971
332.99,15.7,71.3,27.77313576981979
122.1,-61.91,71.3,143.03789286450052
240.43,35.54,71.0,55.782769801744315
248.83,-39.18,70.5,82.86938370710288
272.19,13.12,70.0,33.094250195121965
256.92,-66.7,69.8,98.54872842575287
349.49,-19.81,69.5,62.28666075302079
275.69,-40.62,69.3,71.05134706769226
288.85,-23.93,69.2,51.369968678018395
141.1,15.48,69.0,136.58343092627388
122.37,-30.59,69.0,173.94583821903893
162.56,-57.2,68.5,138.10981106869022
28.47,45.74,68.5,68.00016888620455
341.49,-15.05,68.2,53.565356065767595
7.83,63.56,68.1,55.758411844923145
304.4,17.25,67.9,7.770138154810858
246.46,37.35,67.8,50.772022710097886
184.9,21.59,67.8,105.49334812007915
122.01,-35.11,67.6,169.56570709573452
190.05,-8.19,67.4,116.01527629820232
69.68,83.29,67.1,68.93241000759323
93.74,-33.96,67.0,151.48162605153055
196.79,-24.31,67.0,115.60024885223861
255.27,41.67,66.7,44.06269552272195
278.3,46.73,66.5,30.378971770125435
301.18,-33.64,66.2,58.75241329643123
218.4,-30.76,65.6,99.78532085906755
342.36,-29.36,65.6,65.12539605653808
43.01,-23.47,65.3,106.50851483143063
346.05,-23.33,65.2,62.59804001829189
185.02,21.91,65.2,105.21661490325678
183.84,-60.98,64.8,126.65916975454678
214.72,-32.13,64.2,103.20976931149623
242.93,69.22,64.4,56.925170434782515
261.6,-35.46,63.8,73.07098378753871
313.47,42.48,63.8,18.820916670821255
120.89,-29.32,63.7,174.34118944080646
105.48,-28.3,63.6,162.26538866980925
95.86,-42.8,63.4,150.22288464850612
90.0,-19.75,63.0,147.3033638534977
121.04,-32.67,62.9,171.58409484471647
139.47,27.32,62.6,125.85304066211165
117.65,-64.48,62.1,140.2317593062558
53.65,12.83,62.2,100.87941195970438
328.81,11.72,62.1,26.13863711964093
36.9,45.59,61.8,73.68787596266843
177.44,50.75,61.8,91.27684042898608
216.42,-44.95,61.9,106.42024097477
181.53,-80.26,61.2,120.07189441475462
230.45,-71.16,60.8,108.78448600657374
137.29,-47.57,60.1,155.4222856960769
182.19,-61.87,59.7,127.17369813892594
184.92,22.27,59.8,105.08227197447194
93.58,-12.32,59.6,147.75546004040183
85.94,-51.25,59.3,140.3609083518389
287.58,-15.12,59.2,43.56703686817851
64.58,72.8,59.2,74.25111194322227
74.29,72.69,58.2,76.54310880933507
262.81,28.99,57.4,37.609201982609186
207.31,15.04,57.3,90.427145638568
111.11,-34.15,57.1,164.87156296159722
61.0,47.08,57.0,87.7686737964881
346.5,-37.29,56.6,73.50189165142147
110.79,-30.33,56.6,166.34648078555375
217.11,-23.67,56.3,97.99614503897183
347.19,-38.49,56.3,74.77747612127948
198.15,-66.3,55.7,119.50970369055106
133.55,24.8,55.7,129.51753369107027
336.3,-31.14,55.2,63.62354133460279
38.82,43.02,55.2,75.86615268328312
202.77,-25.58,54.1,110.83299512938581
302.12,57.65,54.2,32.71499246835945
245.73,31.02,53.8,52.07158980920069
137.72,52.95,53.5,101.26596694076773
292.13,49.44,53.2,26.415674955746287
153.81,-50.2,53.1,146.41015065415777
358.63,-45.8,52.8,85.88815813770645
151.38,-19.1,52.5,154.89364258292377
69.49,57.2,52.6,85.57064774035241
193.5,-55.48,52.1,122.4417497317506
111.91,-59.56,52.0,144.25268425159018
181.74,43.77,51.2,93.81768084371177
230.87,-15.83,50.7,82.92592974941931
90.37,51.57,50.9,97.61167312438666
88.72,15.45,50.2,126.27206945307022
25.81,49.05,50.4,65.53973631509206
106.67,-31.3,50.1,162.68222378120495
267.2,28.95,50.1,33.77724431638433
187.23,-33.41,49.9,125.81679767941691
228.66,-17.6,49.8,85.62823479617228
337.56,-20.67,49.8,55.56204962917717
223.2,40.55,49.7,68.1010942642548
356.34,58.28,49.7,48.916035423918686
114.49,-54.14,49.7,149.82854090107918
307.46,54.79,49.1,29.8454898999555
190.61,-45.7,49.0,124.32252147172463
329.14,29.83,49.0,21.92206984557176
309.11,27.13,48.6,4.261914741608121
81.7,-48.36,48.9,138.94660996422996
325.35,21.71,48.4,18.95080570546701
330.7,-19.83,48.3,51.327848514023096
196.52,-29.47,47.5,117.25945399622816
305.48,19.46,47.5,5.557768586661167
190.67,-31.95,47.0,122.71542739449902
225.55,-20.54,46.8,89.59264948204464
141.76,30.26,46.9,122.45247967120143
294.48,11.12,46.0,17.0884295996707
49.76,68.03,45.9,72.20917366746723
201.48,28.52,45.8,89.10521392496453
333.08,-64.96,45.8,92.54789101383325
152.05,-41.04,44.7,152.41091102216728
91.27,-45.37,44.6,146.12789679144083
292.8,54.18,43.8,30.558159957715954
189.78,25.26,43.3,99.72417331665586
40.03,-62.01,43.1,114.23484103449343
330.62,48.8,42.6,31.100116993119656
121.97,58.72,41.9,96.24208095397401
87.48,-48.32,42.0,142.5270819288825
312.99,13.33,41.1,13.887762647891444
90.77,58.47,40.9,91.81250425227515
304.79,35.51,40.4,10.511556393942072
128.67,47.8,40.1,107.12513518746252
35.67,-61.53,39.7,112.1208670464159
345.38,-51.12,39.7,84.00962479832478
325.2,-7.33,39.4,37.843147099198
343.75,-37.31,39.4,72.18059891717726
163.34,-40.13,39.3,144.67617705191472
26.25,50.47,38.9,65.56164140477858
287.04,22.74,38.8,16.565898115666734
138.27,-33.45,38.5,165.68557131786608
320.73,-54.61,38.4,80.75300763953284
228.35,52.53,37.8,62.43684331598286
250.84,69.7,37.7,54.51600555065396
255.84,16.44,37.0,46.52374072132024
262.93,20.81,36.9,38.82808626086074
85.95,16.22,36.6,123.90183890165865
359.67,-61.24,36.6,96.79497500786773
285.05,23.61,36.0,18.218447152985192
295.15,26.71,36.0,9.024861775579282
198.53,-29.46,35.8,115.56766745309154
195.47,31.86,35.3,91.96306150504776
199.41,-57.01,35.1,119.15019673937964
173.16,-46.9,34.9,136.19141873089328
18.57,-30.88,34.8,89.82238561902491
124.55,-15.06,34.6,170.0510444788453
34.03,23.87,33.5,79.33604857696241
82.82,-50.66,33.1,138.81604617542814
139.33,14.78,33.0,137.8372648980148
37.21,39.26,33.0,76.09047744563196
133.99,28.23,32.9,126.07155051240842
95.67,64.11,32.5,87.9830438627363
313.57,13.05,31.9,14.425893577968406
202.2,-53.16,31.4,117.29794743451953
144.6,-30.68,31.2,161.79168754341964
312.88,-12.57,31.0,38.34806078362111
229.25,-21.33,31.1,86.89956530094348
254.47,23.53,31.0,45.818424274573786
126.11,39.74,30.8,115.25171505934456
315.33,17.32,30.6,12.310661839331226
103.96,33.27,30.6,118.38521928641921
211.89,-28.84,29.7,104.29579226711869
145.66,-11.64,29.8,156.3270040584949
140.85,32.48,29.7,120.56570346009163
230.21,39.67,29.4,63.07591996121187
340.33,39.44,29.2,32.91199362676319
6.71,65.16,29.0,55.66995627120376
79.59,-30.25,29.0,139.6871276984149
197.72,31.61,28.9,90.4446705045744
99.53,56.01,28.7,96.14351027454568
218.99,-16.21,28.7,93.29182600823323
143.73,50.82,28.6,102.3948230043224
147.5,-13.58,28.1,155.9432656988534
70.33,-67.71,27.7,126.14483145370342
234.83,-18.25,27.7,80.81436736451582
14.43,-36.08,27.7,89.51470741274173
5.0,-64.17,27.2,100.54190054584299
268.0,29.92,27.1,33.055764915947314
72.77,67.63,27.1,79.65656244620386
202.59,-47.78,26.7,116.35044692094762
246.38,22.23,26.7,53.363559579179416
270.05,47.24,26.4,35.448685380448524
176.5,72.29,26.2,76.64619454067349
173.14,-70.38,26.0,126.95288182128516
126.49,52.93,25.3,102.05917725688015
349.8,43.33,25.2,40.73003661101806
174.7,68.38,25.0,79.81047534314841
47.74,-55.12,24.9,117.45104436948466
343.34,45.05,24.8,36.744657099144675
338.59,-29.95,24.8,63.69412126483817
192.83,63.48,24.7,76.97107090816816
259.89,12.52,24.2,44.27231070303217
348.92,-49.7,24.0,84.26538871651258
222.41,45.35,23.5,67.49276357840286
240.79,61.03,23.3,55.89421394773933
114.74,14.41,23.3,139.3397455137057
238.18,45.56,22.9,56.528663139022896
325.33,29.72,22.8,18.634065939027106
189.14,43.03,22.7,90.03332977522966
288.02,-9.12,22.7,37.9213494011117
87.41,-29.69,22.7,146.42884859860254
23.83,50.37,22.6,64.05707578961213
276.33,55.89,22.0,37.265074727954584
136.74,9.94,22.0,143.23314668294543
79.71,-63.12,21.5,131.70016905760716
281.11,-21.63,21.2,52.08248018090054
173.16,-64.64,21.1,129.85344365919633
336.8,-20.75,21.0,55.20991452342234
23.52,-68.08,20.8,108.9490987808162
163.49,-63.32,19.7,134.11805389873402
226.57,-64.74,19.6,107.73651626708752
359.41,52.5,19.1,48.97568632682432
250.75,63.9,18.7,52.23131867145849
109.87,-50.57,18.6,151.89735682739035
282.83,14.49,18.6,23.314023319015487
281.39,-40.71,18.2,69.2771135151318
251.29,-51.99,17.7,90.15219161479997
7.21,63.76,16.9,55.535860511522074
167.33,39.68,16.5,104.23008424304042
265.92,22.38,16.4,35.76154762330459
106.41,-45.17,15.9,154.8685433926956
294.42,54.72,15.8,30.732845496557623
310.21,24.69,15.2,4.737658636776993
93.71,-20.73,14.3,150.91926495914097
104.51,-34.37,13.9,159.93922759459215
290.76,33.83,13.2,15.200206873969993
207.63,-47.86,12.9,113.04022100119262
294.27,88.39,12.5,63.41852793578323
172.94,21.8,11.5,114.00253589665031
247.79,36.78,10.7,49.747380701014585
208.71,44.54,9.3,76.95870661755093
190.46,38.76,9.0,91.65809481438305
251.64,83.29,7.8,61.12364696659655
138.03,-33.78,7.1,165.6698846904671
315.69,84.42,5.1,59.52173091380918
144.28,32.69,3.4,119.45381464285805
43.36,-25.93,494.3,107.65617055031328
237.73,-65.45,494.3,103.82249958261626
287.1,32.78,476.4,17.463008690868907
253.66,32.9,463.4,45.176786268641365
311.08,19.38,455.0,7.952074671265797
303.39,33.68,452.9,8.792313786564664
94.22,-41.08,446.7,149.8420614243713
303.2,-32.08,440.6,57.10585980983718
129.82,-65.68,438.5,139.20411308672476
192.74,33.55,422.7,93.01267839605661
175.2,-57.48,420.7,131.9306926125041
222.82,-26.24,420.7,94.37287994677236
331.8,37.74,413.0,26.051905275356333
37.31,47.6,413.0,73.29449327871066
291.85,49.25,413.0,26.33069175887755
265.12,39.9,413.0,36.42406239129134
323.13,-13.33,409.3,42.211609082837484
311.4,15.7,405.5,11.06256039744094
335.29,32.18,401.8,27.446775662885983
134.2,-62.58,401.8,141.9184544302742
337.58,-36.07,399.9,68.37906435927552
171.22,-56.79,399.9,134.1901259192693
17.45,-21.25,398.1,84.17260583613067
49.96,56.72,398.1,77.00134753285187
281.22,-39.29,396.3,68.02113031993426
246.77,-11.19,396.3,67.28829655678429
297.42,16.06,394.5,11.40872555939203
199.72,-62.11,394.5,119.02923798164308
344.54,48.86,392.6,38.913028205347956
329.77,-44.16,392.6,72.78604306286769
138.19,-76.33,383.7,128.25652731004956
313.42,-28.62,381.9,54.22790081688332
322.71,-13.01,380.2,41.750252300716895
127.37,-64.85,378.4,140.1205494441565
260.06,42.67,375.0,40.69990803970102
253.09,36.47,375.0,45.507536160719546
147.4,-78.37,373.3,125.65191403920592
316.66,-55.08,371.5,80.70213301585335
232.86,32.74,371.5,62.46030560205795
160.51,-58.19,371.5,138.41837501724595
241.98,-35.64,369.8,84.95705261862744
161.3,-65.86,369.8,133.18667778145647
240.36,-14.64,369.8,74.40962133461942
130.78,-63.46,369.8,141.35073253575865
212.06,24.52,369.8,82.351312088718
324.35,48.85,369.8,28.246585948461313
212.61,-34.23,368.1,105.6034251328752
311.9,19.8,368.1,8.227209926215698
247.61,37.4,366.4,49.85678316547973
36.89,-50.92,366.4,110.2982891717948
192.38,33.63,366.4,93.22071966145917
339.47,63.75,366.4,44.80539733826595
335.64,-21.32,364.8,55.057330273558165
49.08,-44.18,363.1,116.91379528768476
263.45,-54.56,363.1,87.19297251161265
1.34,45.1,363.1,49.16066461701205
51.35,-51.07,359.7,119.2799050812247
239.25,27.26,358.1,58.367604957094215
276.1,53.16,358.1,35.51536280674436
353.17,-41.67,358.1,80.18118057805805
284.68,-70.25,358.1,96.34763533302835
173.54,-51.3,358.1,134.8303158169745
337.84,67.42,358.1,46.952395207568635
258.41,42.09,356.5,41.8000203174801
163.37,-73.87,356.5,127.11294128649892
254.7,-25.93,356.5,70.37635620283177
311.03,14.81,356.5,11.655925276034319
211.61,-64.27,356.5,113.82731830007734
254.32,28.96,356.5,45.00017687352258
44.0,60.27,356.5,72.74167384890796
127.14,-63.47,356.5,141.5040046379223
342.82,-30.76,354.8,66.48022912300182
214.59,-55.8,354.8,110.68222736506375
288.01,-59.43,354.8,85.5870471828133
221.19,-13.77,353.2,90.32538163425589
7.07,-14.99,353.2,72.49723807772457
321.38,-11.12,349.9,39.49410773235745
75.45,-53.26,349.9,133.6617942004705
55.27,-55.58,349.9,121.7427597766996
330.63,-32.87,349.9,62.809946304395105
256.8,-27.71,343.6,70.22747622838635
337.18,37.44,343.6,30.005592826436224
223.42,11.2,342.0,77.744662660191
336.36,46.9,342.0,33.13638295496391
241.41,-59.82,342.0,99.36235559400586
251.37,34.46,340.4,46.97952629058613
260.81,-35.94,340.4,73.85373502928203
20.49,-25.61,338.8,88.73410806785303
239.8,-28.55,338.8,82.4179282632115
289.64,-61.98,338.8,87.85225447537452
271.61,-26.86,337.3,61.044350236449745
173.07,-55.68,337.3,133.66934467612234
137.96,-62.36,337.3,141.64012780675273
137.15,-28.15,337.3,168.69252366949382
136.24,-61.42,337.3,142.78489933730734
342.59,-32.6,335.7,67.83241976893656
334.03,55.23,335.7,36.95795381035182
68.06,87.86,335.7,66.1801843466395
295.18,-63.12,334.2,88.46413852025779
270.87,-59.69,334.2,89.21124698229468
355.75,-69.67,332.7,101.36559991594122
269.36,73.49,332.7,52.0837603339411
130.17,-63.01,331.1,141.8345767512458
21.19,58.93,331.1,61.72933741921383
223.63,-47.8,329.6,102.81051319870316
318.27,41.32,328.1,19.689401237115412
24.17,-16.69,326.6,87.60753927781283
353.48,-33.77,326.6,74.66319930207426
11.52,-14.25,326.6,75.76144566868044
242.79,-40.16,326.6,87.1124749992096
94.31,-40.85,326.6,149.9927737523145
97.81,60.23,326.6,91.91571959280445
324.06,15.93,325.1,19.995722381665722
30.52,-16.51,325.1,92.99374102337745
344.48,-42.96,325.1,77.06014595187804
306.71,59.67,325.1,34.69052331514919
328.25,-33.39,323.6,62.43965672503082
31.83,45.86,323.6,70.23333061432699
7.84,55.5,323.6,54.36511791498447
27.91,-12.54,322.1,89.00093457173571
243.44,25.45,322.1,55.15604711924804
318.24,45.27,322.1,22.910147052602568
215.56,-24.65,322.1,99.68389828616216
24.1,-28.52,322.1,92.93503834566087
318.41,24.26,322.1,12.207389130607597
99.84,29.33,322.1,120.54078283256437
191.71,82.61,322.1,68.09818608804359
323.16,-17.06,320.6,45.63018885210079
217.64,-53.47,320.6,108.34539259351402
256.42,19.88,320.6,44.962465392285786
351.11,34.15,320.6,40.780089341142705
201.49,68.73,320.6,71.51700408796272
274.68,50.04,320.6,34.269774748090335
288.96,18.66,319.2,16.16676059822625
340.59,-21.29,319.2,57.77360129316901
157.83,-73.1,317.7,128.73744550446776
302.01,41.18,317.7,16.369852674568577
356.18,-39.03,317.7,79.90923129904058
253.14,29.52,317.7,45.94913233002905
280.13,-39.1,317.7,68.18706871940158
259.92,-17.56,317.7,61.14242698036205
324.87,-28.67,316.2,56.96889302732012
291.83,-37.43,316.2,63.64684118436745
162.01,-59.42,316.2,137.05630012447293
121.96,-68.52,314.8,136.4411552900885
325.95,50.52,314.8,30.192408534724635
358.28,23.69,314.8,48.23894346285563
240.34,-18.82,314.8,76.6548334138024
342.36,-62.49,314.8,92.41242615526316
347.65,-44.34,314.8,79.5499732561307
281.02,-53.49,314.8,81.19932387509132
81.7,-41.79,313.3,140.66165481260367
163.01,-66.91,313.3,131.9751995158811
310.69,49.87,313.3,25.25925427234141
265.53,24.52,313.3,35.71535875714031
201.81,-37.33,311.9,114.87991057022329
353.22,-40.05,311.9,79.0297617660805
155.13,-63.19,311.9,136.94802158552343
62.79,43.21,311.9,91.06686716000793
191.71,-68.11,310.5,121.71852545904679
314.73,31.44,310.5,10.714202021403635
344.22,-36.61,310.5,71.84546306052545
324.11,50.54,310.5,29.478257673588278
36.26,-52.9,309.0,110.43196831377797
47.39,-27.22,309.0,111.48364364025018
99.21,-64.49,307.6,137.12651347012772
172.17,-80.16,307.6,121.44610136170974
233.35,-39.03,307.6,92.54989692237021
163.01,-70.4,307.6,129.61836341642672
337.76,-13.73,306.2,50.20303961312886
275.15,-11.63,306.2,46.785218746012454
353.85,-41.11,306.2,80.12685247199998
94.75,-39.01,306.2,150.96953907933587
201.91,-56.15,306.2,117.73086573408985
288.1,-64.58,304.8,90.5426349015961
294.54,-74.05,304.8,99.29020423819588
227.83,-28.52,304.8,91.42989826728328
346.07,-42.95,304.8,77.7507423140339
142.43,-64.89,304.8,138.5572748513818
68.84,-46.08,304.8,130.88198024134172
244.1,43.15,304.8,52.366846950505995
332.75,-42.0,304.8,71.7436994401456
227.42,-29.43,303.4,92.171238253309
338.3,46.74,303.4,34.2190284203703
141.22,-71.22,302.0,132.86533568273785
351.15,37.27,302.0,40.92435460262285
151.94,-77.51,302.0,125.96936599310406
42.42,-53.43,302.0,114.15154189473282
304.26,16.05,302.0,8.976713950145841
302.85,50.1,302.0,25.15521982955003
339.3,-39.14,302.0,71.70367192105132
140.9,-64.09,302.0,139.55290279491277
250.0,41.64,302.0,47.9869522500993
208.83,-51.09,302.0,112.95673006395417
257.08,-32.32,300.6,73.30191781211143
253.67,-37.21,300.6,78.72984787036422
339.48,-39.69,300.6,72.24203631073765
346.14,-42.81,300.6,77.67106679600448
346.55,-39.51,300.6,75.26127402563641
240.23,15.92,299.2,60.828753608967055
349.56,-50.13,299.2,84.85926418869644
215.73,-54.43,299.2,109.69683288730458
110.71,-63.59,299.2,140.27819497558963
260.55,39.75,299.2,39.85553126844307
240.9,-48.07,299.2,92.85899247927487
201.65,-34.95,299.2,114.43285684833256
209.87,-26.22,299.2,105.03568182549422
285.62,23.44,297.9,17.727692903136322
217.87,-34.63,297.9,101.70213458407807
264.66,-19.86,297.9,59.59264022114797
332.38,-47.37,297.9,76.46096441815295
316.96,-36.82,297.9,62.838904554257546
235.68,27.37,297.9,61.410917543373564
115.48,-69.12,297.9,135.51506325477348
299.39,62.4,297.9,37.589306832243324
320.01,49.76,297.9,27.365248143722464
172.47,-57.88,297.9,133.13104061687855
241.92,51.69,297.9,54.12749969391771
225.37,22.23,296.5,71.8864802931541
115.26,-65.73,296.5,138.80070852953185
306.48,-56.19,296.5,81.19975416054996
349.65,-39.62,296.5,76.87058427373302
96.27,-50.79,296.5,146.08469270629828
277.44,27.97,296.5,24.793131566633672
316.83,18.27,295.1,12.882329776392265
252.49,49.87,295.1,47.262036703524245
209.79,-61.09,295.1,114.18835566196178
350.28,-63.24,295.1,95.17633397117898
205.57,-36.98,293.8,111.891007263652
308.98,41.81,293.8,17.129810358421224
334.66,34.49,293.8,27.32211280827218
258.34,-25.19,293.8,67.48074156407667
311.13,49.92,293.8,25.369907509974247
186.96,-67.33,292.4,123.65384294658163
328.76,-17.92,292.4,48.760021695528586
352.58,40.04,292.4,42.27424880762369
307.13,42.81,292.4,17.895854286936608
230.96,-23.83,292.4,86.72026734565684
235.49,19.0,292.4,64.05205013685878
224.32,15.95,292.4,75.09250226983531
223.06,13.08,292.4,77.32504155849823
173.57,82.95,292.4,69.76828739216738
12.63,49.33,292.4,56.952379939906855
53.06,36.93,292.4,88.319339920211
138.9,-42.83,292.4,158.82881364551557
23.45,-66.44,291.1,108.35217842999133
44.12,-24.31,291.1,107.75187859517803
149.34,-75.81,291.1,127.74487643391288
22.0,-30.12,291.1,92.04751428111348
344.38,-36.18,291.1,71.58081008710364
69.47,26.75,291.1,105.53525456734593
250.2,39.23,291.1,47.78178403803284
255.72,28.83,289.7,43.800714311557684
144.42,-76.37,289.7,127.74424590620619
307.54,26.06,289.7,2.525158044538664
245.65,-27.26,289.7,77.45870938372235
274.44,48.19,289.7,33.35511997158141
153.87,-81.47,289.7,122.38910356593789
215.48,-55.51,288.4,110.12278740189156
303.94,39.48,288.4,14.507405540740752
310.8,33.39,288.4,9.794590656024074
197.73,31.63,288.4,90.42728090383721
100.63,-49.44,288.4,149.08009252806488
341.61,35.94,288.4,33.1688045551995
273.32,20.46,288.4,29.502226063694717
240.03,-55.34,288.4,97.44356563683944
221.52,-33.47,287.1,98.46632551421601
22.25,-25.7,287.1,90.17412210630185
253.97,31.46,287.1,45.0273457312295
57.18,-40.55,287.1,122.32530686679976
121.81,-65.77,285.8,139.1794584065978
242.57,30.74,285.8,54.791783409433364
41.91,-48.7,285.8,112.92110193448565
308.78,15.85,285.8,9.809810997076013
352.48,-33.43,285.8,73.83756894777987
207.8,-34.54,285.8,109.46218630722821
304.53,14.16,285.8,10.849003792078516
41.14,-79.23,285.8,115.67642401542066
336.37,-46.27,285.8,76.73059569147317
209.87,-21.19,284.4,103.19814646987379
42.1,47.07,284.4,76.51814826180825
128.56,-63.72,284.4,141.20912754905055
8.98,36.48,284.4,55.18370161774433
116.67,-64.26,284.4,140.36554313415024
150.61,-65.65,284.4,136.21917017185396
323.23,24.29,284.4,16.57219891436429
292.79,54.44,284.4,30.801322638794844
243.4,-31.29,284.4,81.4386390861225
260.9,-35.96,284.4,73.82092750135386
340.51,-42.36,284.4,74.90702748227022
44.98,-40.46,283.1,113.18804717303985
151.51,-75.22,283.1,127.99055754381394
136.02,-55.04,283.1,148.8814896854203
258.79,35.5,281.8,40.88602811487744
323.84,32.05,281.8,17.95780878090404
249.52,41.29,281.8,48.33446896956145
