Name,RA_deg,Dec_deg,logMbh,source,theta_dpole,theta_apole
1RXS J185800.9+485020,284.50463,48.83983,6.68,Thomas2016,117.07673980668432,62.923260193315684
H0507+164,77.68975,16.49949,6.69,Thomas2016,121.62619991563352,58.37380008436648
NAME M60-UCD1,190.89985,11.53464,7.3,Thomas2016,49.534954102841375,130.46504589715863
Mrk0006,103.05135,74.42701,8.09,Thomas2016,126.79279952351968,53.207200476480324
Mrk0142,156.38038,51.67636,6.27,Thomas2016,95.72749335651852,84.27250664348148
Mrk0290,233.96842,57.90264,7.26,Thomas2016,101.08455228228352,78.91544771771648
Mrk0335,1.58159,20.20294,7.21,Thomas2016,158.76306776140308,21.23693223859692
Mrk1029,34.26489,5.29195,6.28,Thomas2016,143.13121046457508,36.86878953542492
Mrk1501,2.62919,10.97486,8.03,Thomas2016,150.86089433352623,29.139105666473768
NGC0224,10.68471,41.26875,8.15,Thomas2016,175.09241491028942,4.9075850897105795
NGC0300,13.72283,-37.68438,2.0,Thomas2016,104.46923413185914,75.53076586814086
NGC4244,184.37358,37.80711,0.0,Thomas2016,76.30055516882241,103.69944483117759
NGC4395,186.45384,33.54675,5.54,Thomas2016,71.8459051488419,108.1540948511581
NGC6264,254.31712,27.84964,7.49,Thomas2016,85.85724274716875,94.14275725283125
NGC7793,359.45761,-32.59103,3.7,Thomas2016,108.05830877688938,71.94169122311062
PG0026+129,7.30709,13.26775,8.46,Thomas2016,154.4410106014688,25.558989398531196
PG0052+251,13.71721,25.42748,8.44,Thomas2016,167.5275675301217,12.4724324698783
PG0804+761,122.74445,76.04513,8.72,Thomas2016,122.54456344504007,57.45543655495993
PG0953+414,149.2183,41.25616,8.31,Thomas2016,89.54911120612401,90.45088879387599
PG1226+023,187.2779,2.05241,8.81,Thomas2016,40.55982780746302,139.44017219253698
PG1229+204,188.0151,20.15831,7.72,Thomas2016,58.38795862958081,121.61204137041919
PG1307+085,197.44583,8.33007,8.49,Thomas2016,46.20989441225998,133.79010558774002
PG1411+442,213.45137,44.00391,8.5,Thomas2016,83.48267743718746,96.51732256281254
PG1426+015,217.27731,1.28513,8.96,Thomas2016,44.10092230317374,135.89907769682625
PG1613+658,243.48836,65.71963,8.27,Thomas2016,110.05253550324477,69.94746449675523
PG1617+175,245.047,17.40767,8.63,Thomas2016,72.37486148823696,107.62513851176304
PG1700+518,255.35342,51.82233,8.76,Thomas2016,103.82588408683954,76.17411591316046
PG2130+099,323.1159,10.13869,7.41,Thomas2016,125.82955659131665,54.170443408683354
Z 229-015,286.35803,42.46107,6.88,Thomas2016,115.18369467462571,64.81630532537429
NGC3227,155.87737,19.86508,6.75,Thomas2016,68.53540076606954,111.46459923393046
NGC4151,182.63572,39.4058,7.54,Thomas2016,78.1008937584019,101.8991062415981
3C120,68.29623,5.35434,7.73,Thomas2016,121.99042711309775,58.00957288690225
3C390.3,280.53746,79.77142,8.62,Thomas2016,126.30909465037672,53.69090534962328
MCG-02-36-002,210.42444,-11.60699,9.57,Thomas2016,29.539241981936573,150.46075801806342
IC 4296,204.16272,-33.96592,9.11,Thomas2016,8.19737656770677,171.80262343229322
Ark120,79.04748,-0.1499,8.05,Thomas2016,110.29851898522294,69.70148101477706
Arp151,171.40063,54.38259,6.65,Thomas2016,94.46717187631472,85.53282812368528
NAME Circinus Galaxy,213.29127,-65.33902,6.06,Thomas2016,29.455996096891447,150.54400390310855
NAME Cygnus A,299.86815,40.73392,9.41,Thomas2016,123.46760581788934,56.532394182110664
ESO558-009,106.08751,-21.58871,7.22,Thomas2016,76.31170968174811,103.68829031825189
Fairall9,20.94062,-58.80574,8.27,Thomas2016,83.24371083188588,96.75628916811412
Hen 2-10,129.06329,-26.40935,0.0,Thomas2016,56.0397861934972,123.9602138065028
IC0342,56.70214,68.09611,6.41,Thomas2016,142.17271603904678,37.827283960953224
IC1459,344.2942,-36.46222,9.39,Thomas2016,100.38699754487452,79.61300245512548
IC1481,349.85458,5.90621,7.15,Thomas2016,140.6157225213807,39.38427747861931
IC2560,154.07777,-33.56385,7.64,Thomas2016,33.42307988934652,146.57692011065348
IC3639,190.22032,-36.75585,7.01,Thomas2016,4.129991560562538,175.87000843943747
2MASX J04370366+2456067,69.26533,24.93525,6.45,Thomas2016,132.7827478885238,47.2172521114762
Mrk0050,185.85059,2.679,7.4,Thomas2016,41.434719545250445,138.56528045474954
Mrk0079,115.63699,49.80973,7.58,Thomas2016,112.11784178558891,67.88215821441109
Mrk0202,184.47901,58.6599,6.11,Thomas2016,96.90962740557741,83.09037259442259
Mrk0509,311.0407,-10.72346,8.03,Thomas2016,102.92696710860893,77.07303289139107
Mrk0590,33.63991,-0.76674,7.55,Thomas2016,137.8262527893309,42.17374721066909
Mrk0817,219.09222,58.79415,7.57,Thomas2016,98.64940030726122,81.35059969273878
Mrk1216,127.19634,-6.94018,9.3,Thomas2016,68.44782593432888,111.55217406567112
Mrk1310,180.3098,-3.67805,6.19,Thomas2016,36.78057823177956,143.21942176822046
NGC0193,9.82741,3.33135,8.4,Thomas2016,145.1447378893122,34.85526211068779
NGC0205,10.09198,41.6853,0.0,Thomas2016,174.48355973223514,5.516440267764864
NGC0221,10.67427,40.86517,6.39,Thomas2016,175.35184939629676,4.648150603703243
NGC0289,13.17652,-31.20583,7.38,Thomas2016,110.93394088614114,69.06605911385886
NGC0307,14.13581,-1.77194,8.6,Thomas2016,140.3815158061652,39.6184841938348
NGC0315,14.45368,30.35245,8.92,Thomas2016,172.49123226670085,7.508767733299152
NGC0383,16.85399,32.41256,8.76,Thomas2016,174.41948387113993,5.580516128860069
NGC0404,17.36292,35.71806,5.65,Thomas2016,177.28237089103536,2.717629108964644
NGC0428,18.23212,0.98158,4.48,Thomas2016,143.0448151189901,36.9551848810099
NGC0524,21.19878,9.53879,8.94,Thomas2016,151.1994581260914,28.8005418739086
NGC0541,21.4346,-1.3795,8.59,Thomas2016,140.3700211459894,39.6299788540106
NGC0598,23.4621,30.65994,0.0,Thomas2016,170.12247126227416,9.87752873772584
NGC0613,23.57598,-29.41849,7.6,Thomas2016,112.29635511535369,67.70364488464631
NGC0741,29.08733,5.62882,8.67,Thomas2016,145.41471409253413,34.585285907465874
NGC0788,30.27687,-6.81583,7.92,Thomas2016,133.19965546712098,46.80034453287902
NGC0821,32.08812,10.99487,8.22,Thomas2016,149.20160294181827,30.798397058181735
NGC1023,40.10005,39.06325,7.62,Thomas2016,160.54662500653885,19.453374993461154
NGC1042,40.0999,-8.43365,4.4,Thomas2016,128.23310333557387,51.76689666442613
NGC1052,40.26999,-8.25576,8.24,Thomas2016,128.32274817695003,51.67725182304997
NGC1097,41.57941,-30.27491,8.14,Thomas2016,107.57776287495483,72.42223712504517
NGC1194,45.95458,-1.10361,7.85,Thomas2016,131.8370590859549,48.162940914045095
NGC1271,49.79696,41.35336,9.53,Thomas2016,153.31238191464752,26.687618085352483
NGC1275,49.95067,41.5117,8.98,Thomas2016,153.20790846385628,26.792091536143715
NGC1277,49.96453,41.57341,9.67,Thomas2016,153.20147018719035,26.798529812809647
NGC1316,50.67412,-37.2082,8.18,Thomas2016,98.13825483353774,81.86174516646226
NGC1320,51.20294,-3.0423,6.74,Thomas2016,127.28250492071862,52.71749507928138
NGC1332,51.57217,-21.33537,8.83,Thomas2016,111.6808688304411,68.3191311695589
NGC1358,53.41545,-5.08957,8.37,Thomas2016,124.3295835472968,55.67041645270319
NGC1374,53.81916,-35.22625,8.76,Thomas2016,98.65664062942656,81.34335937057344
NGC1386,54.19266,-35.99927,6.07,Thomas2016,97.83533294021522,82.16466705978478
NGC1398,54.71721,-26.33784,8.03,Thomas2016,105.91174268812902,74.08825731187098
NGC1399,54.62118,-35.45074,8.94,Thomas2016,98.13391040618525,81.86608959381475
NGC1407,55.0496,-18.58038,9.65,Thomas2016,112.30755987172986,67.69244012827014
NGC1428,55.59542,-35.15333,0.0,Thomas2016,97.982872008122,82.017127991878
NGC1493,59.36409,-46.21074,5.4,Thomas2016,87.10504229041483,92.89495770958517
NGC1497,60.52835,23.13291,8.63,Thomas2016,138.7536763998758,41.246323600124214
NGC1550,64.908,2.40988,9.57,Thomas2016,122.44101246480949,57.55898753519051
NGC1600,67.91607,-5.0861,10.23,Thomas2016,114.99429713592293,65.00570286407707
NGC1667,72.15502,-6.31985,8.2,Thomas2016,111.15630601282115,68.84369398717885
NGC1961,85.5199,69.37838,8.29,Thomas2016,131.90478901031096,48.095210989689036
NGC2110,88.04752,-7.45617,8.12,Thomas2016,98.73042904432785,81.26957095567215
NGC2179,92.00919,-21.74667,8.31,Thomas2016,86.59194761511567,93.40805238488433
NGC2273,102.5361,60.84569,6.93,Thomas2016,123.62565398773663,56.37434601226337
NGC2329,107.28321,48.6156,8.18,Thomas2016,116.20113819238986,63.79886180761014
NGC2549,124.74311,57.80311,7.16,Thomas2016,112.24080362409029,67.75919637590971
NGC2685,133.89479,58.73441,6.59,Thomas2016,109.12806372151204,70.87193627848796
NGC2748,138.42932,76.47534,7.65,Thomas2016,119.68505797509528,60.314942024904724
NGC2778,138.10164,35.02742,7.16,Thomas2016,90.06036572617758,89.93963427382242
NGC2787,139.82724,69.2034,7.61,Thomas2016,114.46862842390956,65.53137157609044
NGC2892,143.22041,67.6174,8.43,Thomas2016,112.46088132773892,67.53911867226108
NGC2903,143.04213,21.50083,7.06,Thomas2016,76.9575870415105,103.0424129584895
NGC2960,145.15157,3.57693,7.03,Thomas2016,62.12404952978172,117.87595047021827
NGC2964,145.72605,31.84721,6.73,Thomas2016,83.56902276463627,96.43097723536373
NGC2974,145.63861,-3.69912,8.23,Thomas2016,56.60209096113793,123.39790903886207
NGC3021,147.73797,33.55347,7.26,Thomas2016,83.9328343234847,96.0671656765153
NGC3031,148.88822,69.06529,7.81,Thomas2016,112.21439775603744,67.78560224396256
NGC3078,149.60257,-26.92687,7.91,Thomas2016,39.62963691084712,140.37036308915287
NGC3079,150.49085,55.67979,6.4,Thomas2016,100.96977579345996,79.03022420654004
NGC3081,149.87305,-22.8262,7.2,Thomas2016,41.457997532310934,138.54200246768906
NGC3091,150.05885,-19.63648,9.56,Thomas2016,43.07029821747984,136.92970178252017
NGC3115,151.30824,-7.71858,8.95,Thomas2016,49.75327847939552,130.24672152060447
NGC3245,156.82652,28.50744,8.38,Thomas2016,75.45614052038971,104.54385947961029
NGC3310,159.69107,53.5033,6.7,Thomas2016,96.36422167841346,83.63577832158654
NGC3351,160.99055,11.70361,6.52,Thomas2016,59.00904545991197,120.99095454008804
NGC3368,161.6906,11.81994,6.88,Thomas2016,58.75623194306853,121.24376805693147
NGC3377,161.92667,13.98564,8.25,Thomas2016,60.51036651334575,119.48963348665424
NGC3379,161.95667,12.58163,8.62,Thomas2016,59.28074234634422,120.71925765365577
NGC3384,162.0704,12.6293,7.03,Thomas2016,59.26606742399151,120.7339325760085
NGC3393,162.09778,-25.16203,7.2,Thomas2016,30.750902585027845,149.24909741497214
NGC3414,162.81767,27.97497,8.4,Thomas2016,72.47594125034996,107.52405874965004
NGC3423,162.80975,5.8401,5.18,Thomas2016,53.07244031766453,126.92755968233547
NGC3489,165.07745,13.90126,6.78,Thomas2016,58.96595526843661,121.0340447315634
NGC3585,168.32129,-26.75499,8.52,Thomas2016,25.177779432022835,154.82222056797715
NGC3607,169.22774,18.05181,8.14,Thomas2016,60.99903507329443,119.00096492670556
NGC3608,169.2457,18.14853,8.67,Thomas2016,61.081108797106694,118.9188912028933
NGC3621,169.56792,-32.8126,6.0,Thomas2016,21.459550492312967,158.54044950768704
NGC3627,170.06261,12.99129,6.93,Thomas2016,56.03952928772362,123.96047071227639
NGC3642,170.57506,59.07424,7.42,Thomas2016,99.04921769572755,80.95078230427245
NGC3665,171.18179,38.76279,8.76,Thomas2016,79.72662105298625,100.27337894701375
NGC3675,171.53577,43.58592,7.26,Thomas2016,84.20533355696219,95.79466644303781
NGC3706,172.4351,-36.39126,9.77,Thomas2016,18.191940043222107,161.8080599567779
NGC3783,174.75717,-37.7385,7.36,Thomas2016,16.149647650030282,163.8503523499697
NGC3801,175.0704,17.72791,8.28,Thomas2016,58.706552760172556,121.29344723982744
NGC3842,176.00905,19.94982,9.96,Thomas2016,60.54592074430087,119.45407925569913
NGC3862,176.27087,19.60632,8.41,Thomas2016,60.144708509785666,119.85529149021434
NGC3923,177.75743,-28.80621,9.45,Thomas2016,17.12347871056595,162.87652128943404
NGC3945,178.30719,60.67556,6.94,Thomas2016,99.48105678864995,80.51894321135005
NGC3953,178.45428,52.32654,7.33,Thomas2016,91.33758376788698,88.66241623211302
NGC3982,179.11737,55.12536,6.95,Thomas2016,93.97752101520543,86.02247898479457
NGC3992,179.39993,53.37452,7.51,Thomas2016,92.23273560316875,87.76726439683125
NGC3998,179.48389,55.45359,8.93,Thomas2016,94.25253852656029,85.74746147343971
NGC4026,179.85495,50.96169,8.26,Thomas2016,89.81572574475248,90.18427425524752
NGC4036,180.36205,61.8957,7.89,Thomas2016,100.4544359516346,79.5455640483654
NGC4051,180.79036,44.53126,6.1,Thomas2016,83.39215191435305,96.60784808564695
NGC4088,181.39245,50.53903,6.79,Thomas2016,89.20777703243363,90.79222296756637
NGC4143,182.40036,42.53422,7.92,Thomas2016,81.21147429813045,98.78852570186955
NGC4150,182.64023,30.40149,5.94,Thomas2016,69.24246841929508,110.75753158070492
NGC4203,183.771,33.1973,7.82,Thomas2016,71.82747700330728,108.17252299669272
NGC4212,183.91406,13.90147,5.99,Thomas2016,52.81516425856445,127.18483574143555
NGC4245,184.40326,29.608,7.19,Thomas2016,68.19821728104387,111.80178271895613
NGC4253,184.61035,29.81282,6.8,Thomas2016,68.37199912103831,111.62800087896169
NGC4258,184.74008,47.30372,7.58,Thomas2016,85.65205007660533,94.34794992339467
NGC4261,184.84673,5.82492,8.72,Thomas2016,44.716717221797325,135.28328277820268
NGC4278,185.02844,29.28075,7.96,Thomas2016,67.79030011922434,112.20969988077566
NGC4291,185.07375,75.37096,8.99,Thomas2016,113.39959717389891,66.60040282610109
NGC4303,185.47896,4.47359,6.51,Thomas2016,43.267181166922576,136.73281883307743
NGC4314,185.63324,29.8953,6.91,Thomas2016,68.32121104756622,111.67878895243378
NGC4321,185.72875,15.82238,6.67,Thomas2016,54.394356631884875,125.60564336811512
NGC4335,185.75795,58.44471,8.39,Thomas2016,96.6033638709367,83.3966361290633
NGC4342,185.9126,7.05394,8.66,Thomas2016,45.72149730852979,134.2785026914702
NGC4350,185.99089,16.69336,8.58,Thomas2016,55.214864802309044,124.78513519769095
NGC4371,186.23096,11.70429,6.84,Thomas2016,50.25137848141303,129.74862151858696
NGC4374,186.2656,12.88698,8.97,Thomas2016,51.41362014869103,128.58637985130898
NGC4382,186.35022,18.19108,7.11,Thomas2016,56.644103749550226,123.35589625044977
NGC4388,186.44508,12.66207,6.86,Thomas2016,51.16413058619901,128.835869413801
NGC4429,186.86066,11.10754,7.85,Thomas2016,49.56568680423367,130.43431319576632
NGC4435,186.91876,13.07902,0.0,Thomas2016,51.50688409621517,128.49311590378483
NGC4450,187.12347,17.08495,8.06,Thomas2016,55.445329050873944,124.55467094912606
NGC4459,187.25011,13.97858,7.84,Thomas2016,52.351488309625296,127.6485116903747
NGC4472,187.44499,8.00041,9.4,Thomas2016,46.4073525897062,133.5926474102938
NGC4473,187.45366,13.42932,7.95,Thomas2016,51.780278583634484,128.21972141636553
NGC4477,187.50905,13.63644,7.55,Thomas2016,51.97819927776956,128.02180072223044
NGC4486,187.70593,12.39112,9.58,Thomas2016,50.71840216573993,129.28159783426008
NGC4486A,187.74054,12.27036,7.1,Thomas2016,50.59420981384718,129.4057901861528
NGC4486B,187.63327,12.49024,8.6,Thomas2016,50.826147218015095,129.17385278198492
NGC4501,187.99673,14.42041,7.3,Thomas2016,52.6940691563574,127.3059308436426
NGC4507,188.90257,-39.90921,7.18,Thomas2016,5.346022280661649,174.65397771933834
NGC4526,188.51262,7.69914,8.65,Thomas2016,45.96282154591856,134.03717845408144
NGC4548,188.86012,14.49632,7.25,Thomas2016,52.671081118760114,127.32891888123989
NGC4552,188.9159,12.5563,8.7,Thomas2016,50.737066252811246,129.26293374718875
NGC4564,189.11247,11.43932,7.95,Thomas2016,49.60561973600043,130.39438026399958
NGC4579,189.43165,11.81809,7.96,Thomas2016,49.948614627157426,130.05138537284256
NGC4699,192.25911,-8.6643,8.25,Thomas2016,29.292594257490975,150.70740574250902
NGC4593,189.91455,-5.34421,6.86,Thomas2016,32.84864182534437,147.15135817465563
NGC4594,189.99763,-11.62305,8.82,Thomas2016,26.626052648720357,153.37394735127964
NGC4596,189.98306,10.17603,7.89,Thomas2016,48.26044239947402,131.73955760052598
NGC4621,190.50967,11.64693,8.6,Thomas2016,49.678158083646245,130.32184191635375
NGC4649,190.9167,11.55261,9.67,Thomas2016,49.551576827056586,130.44842317294342
NGC4697,192.14961,-5.80085,8.31,Thomas2016,32.15534283445858,147.84465716554143
NGC4698,192.09557,8.48724,7.76,Thomas2016,46.41345478442367,133.58654521557634
NGC4742,192.95017,-10.45479,7.1,Thomas2016,27.455434647877194,152.54456535212282
NGC4748,193.05188,-13.41467,6.36,Thomas2016,24.495881670539614,155.5041183294604
NGC4751,193.21167,-42.65996,9.15,Thomas2016,5.066502641459177,174.93349735854082
NGC4800,193.6574,46.53114,7.02,Thomas2016,84.37650713104796,95.62349286895204
NGC4889,195.03374,27.97702,10.32,Thomas2016,65.81082779775245,114.18917220224755
NGC4945,196.36366,-49.4679,6.14,Thomas2016,11.662728072053582,168.3372719279464
NGC5005,197.73463,37.05894,8.27,Thomas2016,74.92813509036715,105.07186490963285
NGC5055,198.95554,42.02929,8.92,Thomas2016,79.93487882824282,100.06512117175718
NGC5077,199.88196,-12.65697,8.93,Thomas2016,25.515938668740564,154.48406133125943
NGC5127,200.93741,31.5658,8.27,Thomas2016,69.60320376983947,110.39679623016053
NGC5128,201.36506,-43.01911,7.76,Thomas2016,6.973222821762404,173.0267771782376
NGC5248,204.38362,8.88506,6.3,Thomas2016,47.49528430510195,132.50471569489804
NGC5252,204.56612,4.54251,9.07,Thomas2016,43.25475043325101,136.74524956674898
NGC5273,205.53494,35.65424,6.61,Thomas2016,74.10509881968567,105.89490118031433
NGC5283,205.2739,67.67215,7.41,Thomas2016,105.77914767755854,74.22085232244146
NGC5328,208.22214,-28.48927,9.67,Thomas2016,14.311011352537417,165.6889886474626
NGC5347,208.32439,33.49076,7.21,Thomas2016,72.35660777675965,107.64339222324035
NGC5419,210.91155,-33.97839,9.86,Thomas2016,13.252772246366176,166.74722775363384
NGC5427,210.85854,-6.03081,7.58,Thomas2016,34.83109608854339,145.1689039114566
NGC5457,210.80243,54.34875,6.41,Thomas2016,93.15119675686014,86.84880324313986
NGC5490,212.48887,17.54542,8.73,Thomas2016,57.70695994560426,122.29304005439573
NGC5495,213.0973,-27.10798,7.0,Thomas2016,18.444148406053237,161.55585159394676
NGC5516,213.97781,-48.11488,9.52,Thomas2016,17.064669862651094,162.9353301373489
NGC5548,214.49797,25.13679,7.7,Thomas2016,65.51765660092262,114.48234339907738
NGC5576,215.26538,3.27105,8.44,Thomas2016,45.105463019428726,134.89453698057127
NGC5643,218.16991,-44.17461,7.05,Thomas2016,18.360412803424552,161.63958719657546
NGC5695,219.34228,36.56779,8.0,Thomas2016,77.66878321105263,102.33121678894737
NGC5728,220.5997,-17.25317,8.05,Thomas2016,30.293094324414866,149.70690567558512
NGC5765B,222.71463,5.1145,7.66,Thomas2016,49.968882458640536,130.03111754135946
NGC5813,225.29694,1.70197,8.85,Thomas2016,48.316019915128976,131.68398008487102
NGC5845,226.50328,1.63382,8.69,Thomas2016,48.90598680234919,131.0940131976508
NGC5846,226.62189,1.60564,9.04,Thomas2016,48.94694144914629,131.0530585508537
NGC5879,227.4448,57.00021,6.62,Thomas2016,98.65435721329554,81.34564278670446
NGC5921,230.48567,5.07054,7.07,Thomas2016,53.96905260750536,126.03094739249464
NGC6086,243.14809,29.48485,9.57,Thomas2016,80.85755804167445,99.14244195832555
NGC 6240S,253.24567,2.40028,9.17,Thomas2016,66.90095868245854,113.09904131754146
NGC6251,248.13321,82.53789,8.79,Thomas2016,123.1138041399625,56.8861958600375
NGC6300,259.2478,-62.82055,7.14,Thomas2016,45.275066271652975,134.72493372834703
NGC6323,258.32525,43.78233,7.0,Thomas2016,99.57583015943122,80.42416984056878
NGC6500,268.99909,18.33824,8.34,Thomas2016,89.04903184395314,90.95096815604686
NGC6503,267.36047,70.14434,6.3,Thomas2016,119.64198506442247,60.35801493557753
NGC6814,295.66907,-10.32375,7.02,Thomas2016,91.76657582215125,88.23342417784875
NGC6861,301.83117,-48.37026,9.3,Thomas2016,72.02596049266863,107.97403950733137
NGC6951,309.30865,66.10564,6.93,Thomas2016,133.7335322930837,46.2664677069163
NGC7052,319.6377,26.44685,8.6,Thomas2016,132.27868437496528,47.72131562503472
NGC7331,339.26709,34.41592,8.02,Thomas2016,150.92879510627407,29.071204893725934
NGC7332,339.35217,23.79835,7.08,Thomas2016,146.410114953365,33.589885046635004
NGC7418,344.15067,-37.03008,5.18,Thomas2016,99.82237518792498,80.17762481207502
NGC7424,344.32654,-41.07057,5.18,Thomas2016,96.19463496179822,83.80536503820178
NGC7457,345.24972,30.14489,6.95,Thomas2016,154.10665865313518,25.893341346864815
NGC7582,349.59842,-42.37057,7.74,Thomas2016,96.47136502391903,83.52863497608097
NGC7619,350.06052,8.20629,9.4,Thomas2016,142.65748420481913,37.34251579518087
NGC7626,350.17718,8.21706,8.58,Thomas2016,142.73031732551243,37.26968267448757
NGC7682,352.26623,3.53333,7.56,Thomas2016,139.78353129826445,40.21646870173555
NGC7768,357.74414,27.14743,9.13,Thomas2016,161.8368230694502,18.16317693054981
SBSG 1116+583A,169.74049,58.05656,6.54,Thomas2016,98.2390094181952,81.7609905818048
UGC12064,337.83594,39.35828,8.84,Thomas2016,150.94128689687804,29.05871310312196
UGC1214,25.99069,2.34991,7.74,Thomas2016,143.16946295402636,36.83053704597364
UGC1395,28.84174,6.6117,6.83,Thomas2016,146.42264830236732,33.57735169763268
UGC1841,35.79755,42.99205,8.47,Thomas2016,163.56401133208854,16.43598866791146
UGC3789,109.87872,59.35513,6.99,Thomas2016,119.67637855990715,60.32362144009285
UGC6093,165.19981,10.72827,7.41,Thomas2016,56.10826358533912,123.89173641466088
UGC7115,182.02321,25.23727,9.0,Thomas2016,64.2791932763116,115.7208067236884
UGC9799,229.18536,7.02167,8.89,Thomas2016,54.8834944349669,125.1165055650331
Mrk0110,141.30363,52.28625,7.28,Thomas2016,101.58148797413843,78.41851202586157
Mrk0279,208.2639,69.30804,7.4,Thomas2016,107.57299768421237,72.42700231578763
NGC1068,40.66988,-0.01329,6.92,Thomas2016,135.48677461241135,44.51322538758865
NGC1300,49.92116,-19.41136,7.88,Thomas2016,114.1200481293851,65.8799518706149
NGC2139,90.28318,-23.67232,5.18,Thomas2016,86.57900850171076,93.42099149828924
NGC2911,143.44208,10.15259,9.09,Thomas2016,68.11471455520392,111.88528544479608
NGC3516,166.69789,72.56853,7.37,Thomas2016,112.16938233941045,67.83061766058955
NGC4041,180.55072,62.13729,6.0,Thomas2016,100.67275963459407,79.32724036540593
NGC4636,190.70778,2.68778,8.58,Thomas2016,40.73769409991492,139.2623059000851
NGC4736,192.72145,41.12015,6.78,Thomas2016,78.98704939106884,101.01295060893116
NGC4826,194.18207,21.68266,6.05,Thomas2016,59.524407171312276,120.47559282868772
NGC5018,198.25417,-19.5183,8.02,Thomas2016,18.5029895295742,161.4970104704258
NGC5194,202.46957,47.19526,5.96,Thomas2016,85.27463006858754,94.72536993141246
NGC7469,345.81531,8.87369,6.94,Thomas2016,140.74570481884462,39.254295181155385
G1,8.19387,39.57792,5.24,Thomas2016,174.23864058017074,5.761359419829262
NGC0104,6.02233,-72.08144,3.0,Thomas2016,69.89398425769386,110.10601574230614
NGC1851,78.52817,-40.04656,0.0,Thomas2016,82.9379668680397,97.0620331319603
NGC1904,81.04412,-24.52425,3.48,Thomas2016,92.28221719349925,87.71778280650075
NGC5139,201.697,-47.47947,3.94,Thomas2016,10.744475278344357,169.25552472165563
NGC5272,205.54842,28.37728,0.0,Thomas2016,66.91226075021198,113.08773924978802
NGC5694,219.90217,-26.53833,0.0,Thomas2016,23.631537116340496,156.3684628836595
NGC5824,225.99422,-33.06853,0.0,Thomas2016,25.38839036016223,154.61160963983778
NGC6093,244.26004,-22.97608,0.0,Thomas2016,44.257382078800994,135.742617921199
NGC6205,250.42347,36.46132,0.0,Thomas2016,90.10952392575972,89.89047607424028
NGC6266,255.3025,-30.11236,3.3,Thomas2016,49.56318038465829,130.4368196153417
NGC6341,259.28079,43.13594,0.0,Thomas2016,99.62294027081296,80.37705972918704
NGC6388,264.07275,-44.73565,4.23,Thomas2016,50.63688177883171,129.3631182211683
NGC6397,265.17537,-53.67433,2.78,Thomas2016,49.10877392726069,130.8912260727393
NGC7078,322.49304,12.167,2.7,Thomas2016,126.63432115977562,53.365678840224376
M 31,10.68471,41.26875,8.15,McConnell2013,175.09241491028942,4.9075850897105795
M 32,10.67427,40.86517,6.73,McConnell2013,175.35184939629676,4.648150603703243
NGC 821,32.08807,10.99495,8.0,McConnell2013,149.201696446667,30.798303553333
M 77,40.66962,-0.01329,6.93,McConnell2013,135.4869004199979,44.51309958000209
M 81,148.88822,69.0653,7.8,McConnell2013,112.21440562383125,67.78559437616875
M 106,184.74008,47.30372,7.58,McConnell2013,85.65205007660533,94.34794992339467
NGC 4339,185.89558,6.0818,7.96,McConnell2013,44.76833628221678,135.23166371778322
M 84,186.2656,12.88698,8.71,McConnell2013,51.41362014869103,128.58637985130898
M 85,186.35022,18.19108,7.99,McConnell2013,56.644103749550226,123.35589625044977
M 49,187.4449,8.0004,9.4,McConnell2013,46.407355868979316,133.59264413102068
M 87,187.70593,12.39112,9.82,McConnell2013,50.71840216573993,129.28159783426008
M 89,188.91586,12.55634,8.67,McConnell2013,50.73711038214266,129.26288961785735
M 59,190.50941,11.64692,8.55,McConnell2013,49.67816984109407,130.32183015890593
M 60,190.91655,11.55269,9.67,McConnell2013,49.551668061494624,130.44833193850536
NGC 4762,193.23354,11.2308,7.39,McConnell2013,49.10009675544786,130.89990324455215
NGC 315,14.45368,30.35245,9.08,McConnell2013,172.49123226670085,7.508767733299152
Circinus,213.29128,-65.33902,6.23,McConnell2013,29.455998174224426,150.54400182577558
M 104,189.99763,-11.62305,8.82,McConnell2013,26.626052648720357,153.37394735127964
NGC 404,17.36259,35.71813,5.15,KormendyHo2013,177.2825917442081,2.717408255791895
NGC 4246,184.49217,7.18592,7.5,KormendyHo2013,46.12090925895216,133.87909074104783
NGC 4387,186.42365,12.8105,7.25,KormendyHo2013,51.31400682824287,128.68599317175713
NGC 4434,186.90282,8.15434,7.54,KormendyHo2013,46.641381201048056,133.35861879895194
Sgr A*,266.41683,-29.00781,6.61,EHT2022,58.653175746461606,121.34682425353839
NGC 307,14.13567,-1.77199,8.31,vdBosch2016,140.3814625020674,39.61853749793261
NGC 524,21.19893,9.53891,8.92,vdBosch2016,151.19955116469347,28.800448835306526
NGC 1281,50.02548,41.62998,8.17,vdBosch2016,153.15947456358288,26.840525436417124
NGC 7049,319.75119,-48.56214,9.1,vdBosch2016,80.58222623911031,99.41777376088969
